,Name,Sequence,BsaI_sites,SapI_sites,PaqCI_sites
0, HKsigma-54-dependent Fis family transcriptional regulator,ATTATCACCTGTTATTTAATCGCCCGAGGGAGAGGTATTGCTATTTGTCCAGGTAATAATGCGCAGAGAAACAAAAAGCTACAAGATCACCAAGATGAGTCACTTTTGACTCAAATTGTCTTATTGATGAGCCTTTTTGACCCAAATTAAATAAGCCGATACGGAATCAGCTGACATATTTAACGTGAACAGTTAGGATTGCTGCCATTATTTGAGTCGAGTAACAGTATCCTCCAGAGCCCAACGGATAATATATCCACAAGGTGGGCGCTTTTATTACCCAATCTAACGCTAAGTCTATTCAGGTAGGATTTGTCCCAAAGCGTACAGATACCGCCTGGCAACTTTATGATAAAACCATGACCATGATCACACTTGCCAGTAGGAGTGCGCCATGTATCGCGCCCTGTTGATCCTCATCATCACCCTGTTACTCCCGTCGGCGCTGCTGGCCAAGCGTAGCGAACTGGTGATGGCGACCACCTTCTCGCCGCAAGCGACGGCCTATATCATCAACCGCTGGCAACATCAGCCGGGGGCGGTTCCCATCCGTACCCTGAACCGTACCAGCGCCTCGCTGGAACAGCTGCTGGACAGCGTCAACGATGGTCATATCGACCTGGTGCTCACCTCCTCGCCGATGCTGCTGCAACACCTACAGGCCCACCATCGTCTGGCCCCCATCGACGATCTTCCCGCCGAGATCCAACGTCAGGTGCCGGCTTCGATCCGCGCCAGTTCGGCGGCGGTCGCCATCTCCGGCTTCGGCTTATTGATCAATCGCAGCAATCTGGCGGCACAACACCTCCCCTTACCGAAGGATTGGTCGGATCTCACCCAGCCCCAGTATCGCGACATGGTGTTGATGAGCAGCCCATCGCGCTCCGACACGAACCATCTGATCATCGAGTCGCTGCTACAACAGTATGGCTGGGAGCGCGGTTGGCAGATCCTCCTGACCGTCGCCGGTAACCTCAGCACCATCTCGGCACGGAGCTTCGGTGTGGCGGACAAGATCCAGAGCGGCCTCGGCGCCATCGGCCCGGTGATCGATAACTATGCTCAGTTACTGAGCACCGACCCACACTTGATCTTCCACTATTTCCCGCACAGCATCGCCGCGCCCACCTATGTGGCGGTGACCCGCGACTCACTCTATCCCAACGAGGCGCGACGCTTTATTCGCTTCCTACTCAGCCCTGACGGACAGCGGGCTCTGGCGGACACCAACACCGGCAAGTACCCGATCGTCGCGTTACCGGCGGATTCGCCCCGCGCTCAGCAACAACAGCGCTTGCTCGCCCAGCCCCCCCTTGACTACCAGTTGGTGCTCCAACGCCAACGTCTGGTCCAGGCGCTGTTCGATACCGCCATCAGCTTCCGCTTGCCACAGCTCAAGGATGCCTGGCGCGCGCTCTATGCTGCCGAGGCGCGCCAGAAACGCCCCTTGCCCCGCATCCGTGCCTTGCTGACGGCACTGCCGGTCAGCAGTGCCCAGAGCGAACAGCCCGCCTTCTTGGCGCAGTGCGCCACGCGTGCCGGCTGTGAACAACTGATGATGGAGTGGCAGCAATTCTTCCGCCAGAAACAGCGCCAGGCGATCAACCAGTTGGAGGAGCTGAAATGAGGCGCCTGCTCCATTGGGCGCGTCGACTAAGCATCAGCGCCAGCCTACAGATCGCCTTCCTCGCCAGCGCATTGTTAACGCTGTTCGTCAGCGCTGTCAGCCTCTACTCCTGGCACGCGCAAAGCTCCCAGGTACGTTACACGCTGGATGACTACCTGCCACGCATCCAGTCATCGCTGGTTATCGAGAGCGCCCTGAATATCTTGGTCGATCAACTCAATGAGTTCGTACTGGCCCCCAACACCAGTGTACGCCTCCAATTCCGCCAACAGATCATCAGTCATCTGGATCAGATAGCCCAAGTCAGCCAACGCTTAGAGGCGGGGGAACGCCAACAGCTGGCCGGGATCCTAGAACAGAGTCACCAGTTGTTGACCTCGCTGGATAGTGCCCTGTATACCCTATTCTTAGCCCGCGAAAAGACCAACGAGATCGCCGGACGCATCAGTTGGTTGCACGATGACTTCACCACCGAGCTGAACTCGCTGATGCAAGATTTCAGCTGGCAACAAGGGGCGTTGATCGACCAGATGGAGGGCCGCGATGCCGCCACCATGCGCCAGCTCCAACAGCGCCTGCGGACGGTGCAACAGGAGCAGCAACAGGTGTATGCGTTGGCGCGCCTCGAGAACCAGATCACCAACGATCTGCGCGATCAGATCAGCGAACTGCAAGGCGCCGAGAGCGGCGGGATCAATCAACAGGGGCATCAGCGCTATCTGAACTATCTGCGCAACAACGCCACGGAGATCGTCCAGGCGCTGGCCGCCTACCCCAGTACCGTCACCCTACGCCAGACCATCGACGAGCTCTTGGAGATCGGCATGAATGCCGGCAAGCTGCCCGCCACCCTGGCGGACTACCAACACGCCCGTACCGCCCTGCAACAGGCGACCCAACAGAAGGAGCGTACTCTGGGGCGTTTCCGCGCCGTCCTGGAGCAACAGTTAGATACCAGCCATCGCCGCATGCAGACCTTCAACCAGCGTCTCGAGCACATCATTCGTGTCAGTGGTCGCCTGATCTTGATCGCCACCCTACTCGCGTTGTTACTGGCCCTGCTGCTGAGTTATGGTTTCATTCGCTCCCGTCTGGTGAAGCGCTTTACCGCCCTCAGCCAGGCGGTGGCGCGCATCGGTACCGGCGACCGACGCAGCCGCATCCCGGTCTACGGCGTCGATGAGCTGGGTCGTATCGCGCGTCTGCTGCGCCATACCCTCAATCAGCAGCATCGCCAGCAGCGGCGTCTGGAGCGCGAGATCGGCGAACGCAAGGAGATCGAGCATCACCTACGCACCACCCAAGACGAGTTGATCCAAGCGGCCAAGCTGGCGGTGGTCGGCCAGACCATGACCACCTTGGCACACGAGATCAACCAACCCCTGAATGCCCTGTCGATGTACCTGTTCACCGCTCGACGAGCGTTAGAGAGCGGTCAGTTGGCGCAGGCCGAGACGACCCTCGCCAAGTGTGATGGACTGATCGTCCGCATGGATGCCATCATTCGCTCCCTGCGCCAGTTCGCCCGCCGCGCCGAGGATACCCCCTTGCACCCGGTGGCATTACGCCAGGCCTGGTTGAGCGCCTGGGAGCTCTTGGCGCCACGCCGACGCCGCCTTCAGGTCACGCTGCAGCTACCGGATGAAGAGATCTGGATCGGTGCCGACGAGGTCCGCCTGCAGCAGGTATTGGTCAACCTGTTGACCAATGCGTTAGATGCCGCCGAGCAGCCCATGCACATCCGCGTCAGCTGGCTGGCGACGGCGCAGCGCCTGGAGGTCATGCTGTGCGATGATGGTCCTGGCTGGCCACTGGCTCTGGCCCCACGCCTACTCAAACCCTTCACCACCAGCAAGCAGGTGGGACTGGGGATCGGCCTCTCCATCAGTTTATCGCTGATGGAGCAGTTGGGCGGCGAACTACGCATCGCCTCGGCCCTGCCGCACGGCGCCTGTATTCTCTTATGTTTTACCCTGGCGGACGCTCCGCCGTCTTCAACGGAAATTCCGCATGCTGACCCATAAACACACCATTGTATTGATTGATGATGATCCCGACGTGCTGGATGCCTATACCCTGCTGCTGACCCAGAGTGGCTATGGCGTGCATGCCTGCACCGATCCGTTGCAAGCCCTGACCTTGATCCCGCCGGATTGGCCGGGGGTGATCCTCAGCGATGTCTGTATGCCAGGCTGTTCCGGCATCACCCTGATGGAGCGTCTGCGCGCCCAGGATAGTCAGTTGCCGGTACTGCTGATCACCGGCCATGGTGATGTGCCGATGGCCGTTGAGGCGGTCAAGAAGGGAGCGCGCGATTTTCTCCAGAAGCCGGTCGACCCGGCCCAGCTCTTAGCGCGCGTGCAGGCCGCTCTCGATGAGCGACGCGCGCTGATCGCCCGGCGCAAGTGGCAGCGGCACCAGCTCCAGACCGAGTTGGTTGGACGCAGCGAGTGGGTGTTGCAGATGCGTACCCGCCTGCAACAACTGGCGGAGACCGATCTGGCCGTCTATTTTTATGGCGAGCCCGGCAGCGGACGCACCCTATGCGCGCGCCATCTACACCGCCTGAGCGGGCGTAGCGACGGCGCGTTCATCATCCATCAAGCCGGTGAGGGCGGCGATCTGCAACATAGCCTCACTCAGGCCGCCGGCGGCACCCTGCTGATTCAGAATCCGGAACGTCTCGATGAGGGCGCGCAATACAGCCTGGTGCGTAGCCAGAGCCAAGAGCCACGCCCCTTCCGCCTCTTGGCTTGCGGCGCAGGGCCGTTAGTCGAGCACGCCGCCGCCCAACGCATTCTGCCGGATCTCTACTACTGCTTCGCCATGACGCAGCTGCATTGTCCCCCCTTGGCACAGCGCCCCGATGATATTGAGCCGCTGTTTACACACTATCTCCAACAGGCGTGTCAACGCCTCAACCATCCCTGTCCTGCCCTACCCGCCACGCTGCGCAAGAGCCTCTTACAGCGCCACTGGGCCAATAACGTGCGCGAACTGGCCAACGCCGCTCAACTGTTCGCGGTCGGCGTGCAACCACTGGCTGAGCTCGCCTGTCCCCAAGTCCATGCCGCCTCTCCGACGCCGCTCGACCAGCGTGTCGAAGAGTATGAGCGCCAGATCATCACCGAGGCCCTCAACCTGCATCAGGGGCGTATCAACGAGGTGGCGGAATACCTACAGATCCCGCGTAAGAAGCTCTATCTACGGATGAAAAAGTACCACCTCGATAAGACGCACTACCGCTGA,1,0,0
1,nitrate/nitrite    HK NarQ RR,CGCTCATCCATCGGGTCAAAAAGGGCGCGCTCGGCGCCAACATCGCTCATACAACGTTGCGCTCGCGGCCTACGATCGTATCCTCAGAGGCACGCGACGACGCATGACATGCATGCGACAGGAACAACGTCTAGCCTTCACCACAGCATTTATGTTGTTATTGTGCTTATGGCGTCGAGTATCCGGTTTCTATTACTGCTGATAATTCCTCTTTAGAGTTAAATAGGGGGGATAATTGCGCGGGATCAAACCTTTCCGCTCACTTTCACGCATTGTGTCCGCTGTTGCGCTGAATTTCGCTATTTATACAGTTATATAACGCATGGCGTCTCCCCACGATCGGCGCTGCGCCATGTCTCACTTAGGAAAGCTGATGTGTTGGTAAAACGTTCCGTGACCAGTACCCTGGCGCGCGCCTTGATCGCCATGGTGATCCTCTCCGTGCTGTCGACGGGCATCGCCTTGTTAACCGTCGCCAGCAGCATCAACGATGCCGAGGCGGTGAACATCGCCGGCTCGCTACGTATGCAAAGCTATCGTCTGGCCTACGATCTCACCAACCAACCGCAGGATGTGGCGCGTCACCTCGAAGAGTACAACCAGTCATTGCACGCCTCCGCGCTGCAAAAACTGACCCGTTTCTATGTGCCTGGCTCGGTGCAACGCGAGTACGCCCAACTGCTCACCACCTGGCAAGGGTTAGAGATCCAACTCCGCCAGGGACATAGCCAAGCCTTCCTACATGGCGTGGCCCATTACGTCGATCAGATCGATCACTTTGTCCTGGTGCTACAGCGCCATGCCGAGCAAAAAATGGAACAGGTGGTGCTGATCAGCCTGATCGGCCTGCTGGCGCTACTCGGCTTAGTGTGGTTCGCCATCCGCACCATTCGGCGCGAAGTGGTGGCACCGCTCAACAAGCTGGTCAACGCCAGCGTCCGCATGCAGCGGGGTCACTTCACGCCGCTGCCGCTGGACGTCAACTTACCCAACGAGATGGGCGTCCTGTCGAAGGCCTTCGTACGCATGTCGGGCGAGTTGGAGAAGCTGTACCGTTCACTCGAAGATAAGGTCCGTGAGAAGACCGAGAGCCTGACCCAAGCCAACCGTACCCTCGGCGTGCTGTTCGAAGCTTCACAGGCGCTGACCGTGAGTCAGATCACCCAGCCCAGCTTCGAACAGGTCCTGGAGATCGTGCGCAGCAGCGAGGGGCTCGACTTCTTACAACTCGAGGTGGTGGACAGTGGTCAGGGGCGCTGGCTGCTCGCCAGCGGCGAGGTGAGGCCCGATGAGGCGAGTGAGACGCTGCCGCTGATGCTGGATGGACATCCGCTCGGTATGTTGCGTTGGCCGGCGCATCAGGCTCCCCAACGCCAGTTGATGCAAAACGTCGCCAATATGCTCAGCCGTGGCGTCTACTTCAACCGCGCTCAGAAGCAGCAGGTGCAATTACTGCTGATGGAGGAGCGTGCCACCATCGCTCGCGAGCTGCACGACTCGCTCGCTCAGGCGCTGGCCTTCCTGCGCATTCAGATTACCTTGCTACGCCGGGCGACTGAGGCCGAAAACCATCAGGCTCAAGCGATCATTCAAGACTTCGATCGGGCCCTCAGCGACGCCTACCGCCAGCTCCGCGAGCTACTGGCCACCTTCCGCCTGACGATCGAGGAGGCCGATCTGCGCGAGGCGTTGCAACAGCTATTGGCCCCGCTAAAATTGCAGACGACGGCAAAGATCACGCTACACTGCACGTTGTCTTCCCAATTACTCAATGCGCAACAACAGGTTCATGTGCTACAGATCGTCCGGGAGGCCACGCTTAACGCCATCAAGCATGCTCAGGCACAACACATTAGCGTGAACTGCCACGGGCGCGCCGATGGCATCAGCGTCATCAGCATCACCGATGATGGCGTCGGGTTACCCAGTAGCGAAGAGCCGCCGGGTCACTACGGTTTGACCATCATGGCCGAGCGCGCCGCCCGCCTGGATGGCGAATTACACCTTACCCCAGGGCCGACGGGAGGGACGCGTGTTACGCTAACGTTTCGCCCCACATCCGGCGATGGGATCTGATTTATAATAATAACGCTGGGTGGTGATACACCGCCCTCCTTCAGGGAGCTTGTCATGGAAAACCCAACTTCAACCACCGCCGGCTTTCGTGTCATGATCGTCGATGATCACCCACTGATGCGCCGTGGCATACGCCAACTGCTCGAGTTGGATCCCCTCTTCGACGTGGCGGCGGAGGCCAGTAGCGGCAGCGAGGCCATCGCCTTGGCCGAACGCATTCAACCAGATCTGATCCTGTTAGATCTCAATATGAAGGGGCTATCGGGACTGGATACACTCAAGGCGTTGCGTAACGAAGGGGTCGATGCACGCATCATCATCCTCACCGTCTCCGACGCACGCAGCGATGTGTATGCCCTGGTCGATGCCGGAGCGGATGGCTACCTGCTGAAGGATAGCGAGCCCGAGACGCTGCTGGCACAGATCCACCAGGCGGCGGAAGGACACAATGTATTTAGCGAGGCGGTCTTGAACTACCTGGGTACGCGCAGCGAGATCGCCGATCCACTGGCCGATCTCACCGAACGCGAGTTGGACGTCCTGCAAGAGGTGGCGCGCGGCATGTCCAACAAGCAGATCGCCGCGCAACTACATATCTCGGAAGAGACCGTTAAGGTGCACATCCGTAATCTGCTGCGTAAGCTGAATGTCCGCTCACGCGTCGCCGCGACGGTACTCTACCTGGAGTACAAAAACCAATAA,1,1,0
2,   HK PhoR['phoR']phosphate regulon transcriptional regulatory  PhoB['phoB'],CAGCGCGGATCGGCGCTCACCACCAGATGGCTCGGCAGGGTGAAGGCGAAACAGCTCCCCTGGCCTACGATGCTGCTGATCTCCAACTGTGCATCGTGATGCTGCAAGGCATGCTTGACAATCGCCAGCCCCAATCCGCTACCGCCGGTACGGCTCGAGCGGGAACGATCGACACGGTAAAAGCGCTCGGTCAGACGGCTCAGGTGCTCGTTGGCGATCCCCGGGCCATTATCACGGACCGTGAAGCGCGCACCCTGCGGCGTACGCTGCCAACTTACCGTGATCTCACTGCCCGGCGGCGTATGATTCAACGCGTTATACACCAAGTTGGAGACCGCGCTACCGAGCTGCTCTTCGTTGCCGCGTACCCGTAGCGTCTCGTCGATGATAAAGCGCAGGGTGTGACGACCGTCGCTGAGGGAGTGCGCCTCGCGCTCCAGCAGATGGAGCCGCGCCGGTACATCCACCAGCGCGTTGAGGTCGATGTGCGGCGCCGCCTCGATACGCGACAACACCAGCAGTTGCTGCACCAGACCATCCATGCGCCGCGTCTGCGCCTGCATGGTCGCGAGCGCCTTCTCGCGCTGGGCCGCCGGCATCTCGTCGCTACCGAACATCTCCAGATAGCCCTGTAACACCGTCAGCGGTGTACGTAACTCATGGCTGACGTTGGCGAAGAAGTTACGCCGCGCGCCCTCCAGCTGACGCGTCTGCGTCACATCACGCGCGATCATCAACAGCTGCCCCTCGCTATAGGGCATCAGCCGAAACTCCATGTAGCGTCCGCTATTTAGGTGCAGCGTCAACGGCTGGCTATAGTCGGCCGAGGTCAGATACGCGCTAAACTCGGGATAACGCAGCAGGTTGCGGATATTCTGACCGTTGTCCTCCGGCCAGCGAAAGCTGAGTAGGTGTTGGGCCAGTTGGTTACACCAGAAGATATTGCCCTCATCGGTCAGCATCACGATGGCATCGGGCAGCGACTCCGCCCCACTACGGAAGCGTTTAATCAACAGCGTCAACTCACGACGCCGCCGTCGATTGCGCTGCTGCATCTGATACAGCCCATAGAACAAGGGCTCCCAGCTGCCGCGTCCACTCGGGGGGGTCATGCTGCGATCCACCCATAACCAGTGCGAGAGGCGTAATTGGTTCCACCCCTGCCACAGCCACAACAGGCAGAGCGCCAACAGCAGGAACCAGGACCAGTAACCGAACAGCGCACCGAGCAACAAGGCCGGCACACAGCACAAGAGCAGCTCGGCGAGCAGCGTCTTCCAGGATAGTTTATCAAGCACAGTCAGGACTCCATCGCCTGCGGCAATCAGAAACGGGCGGAGAAGCGGTAGCCAGTGCCCCGCACGGTCTGTACCATGCGATCGTGGCCGCTGCTCTCCAACGCCTTACGCAAGCGGCGAATATGGACATCGACGGTACGATCCTCTACATACACGTTAGTGCCCCAGACATGATTGAGCAACTGCTCGCGGCTATAGACGCGCTCGGGATGTGTCATAAAGAAGTGCAACAATTTGAACTCGGTCGGCCCCATCTCCAGCGGCGCCTCATCGGCCATCACCCGATGCGAGACCGGGTCGAGGCTCAACCCCTGTAGGGTGATGGTCTCCTCTAGCGCCATCGGCGAGATGCGGCGCATCACCGCCTTGATACGCGCGACCAGCTCCTTGGGCGAGAACGGCTTGATGATGTAATCGTCGGCCCCCACCTCCAGGCCCCGCACCCGATCCTCCTCCTCGCCGCGCGCCGTCAGCATCATCACCGGAATATCACGCGTGGCCGGTTCACGCTTCAGATGCTTAATCAACTGAATGCCGGAGCCGCCCGGGAGCATCCAATCCAACAGGATGAGGTCGGGATAGGGTTCGCACAGCCGGCTCAACGCACCGTCGTAACTCTCCGCTTCCAGCGGCTGATAGCCGTTCTGCTCTAAAACGAAACTCACCATTTCCCTGATGGGGGTTTCATCTTCCACGACTAAAATGCGTCTGGCCATATCGACTTCCCAGGTAATTGTCATTCGTCCGCAATTATGCGTCATTTTTATGACAGATTTATGAAAAAAGCGTAATGCCGTGTGCCCTCGACGAGGGGTGCCTTGGCGCGCCCCATACCCACCGCGTATACTGAGCGCCATCGCTTCCGCCCGCCCACGCGGGCACGCCACCCGTTGCCAAGGGACTCCA,3,1,0
3,  RR QseB   HK QseC,TGTTATACTCCCGTGATGGAATTCAGAAAGCAGTCTCGCCAACTGCCGATGTGTGCATTACACCAAACAGTCCTTAACAAGATCTTAAGTATTGATTCTAGCGCTCAATTATTCCAGCTAGCGCTAACATACTTCACTTCTCCCATCACCGTGCTGTACAAAAGGTTTGCCACACGGTTAAATCGGGCGCAAAACCCAAACGAAGATGACACTATGCGCGTACTGTTAATCGAAGACGATCGCTTGATTGGCGATGGCATCAAGGCCGGCCTCAGTAAGATGGGCTTTACGCTGGACTGGTTCAGTGACGGTAACCAAGGCTTGGCGGCATTAGATGCCGCCCCCTACGATGCCGTCATCCTGGATCTCAGCCTGCCTGGGATCGATGGGTTGGAGATCCTACGTCGCTGGCGCGAGGCGGGGCATGCTGAACCCGTGCTTATCCTTACTGCTCGAGACGCCTTGGAGCAACGAGTTACCGGGTTGCAGCAGGGCGCGGATGACTACCTCTGCAAGCCCTTCGCGCTGATTGAAGTCGCCGCCCGGTTACAGGCGCTGATACGGCGCAACCATGGGCAAACCCAGACGCAGCTAAGCCACGGAGCGGTCACCCTCGATCCGCTGAGTCTCACCGCCACCCTGGATGGCGCCCCATTACTCTTGAAGCCGAAAGAGTTTGCCTTGCTGGAGCTGCTGCTGCGTAACGCCGGTCGCGTGCTACCGCGCAGTCTCATCGAAGAGAAGCTCTACAATTGGGAGGGCGATGTCTCCAGTAATGCGGTCGAGGTTCATATTCACCACCTGCGGCGTAAGCTGGGCAGCGCGTTTATCCGAACCGTCCATGGCGTGGGCTATACCCTGGGAGACGCCTGATGCTGCATCTGCCACGCCGCCTGGCACATAGCCTGCGCGCCCGCTTAACCGGCGGTTTTCTCATCCTGGTGCTACTGGTATGGAGCAGTGCCAGCGCCTTGGCCTGGTATCAGACTCGCGCGGCCTTGAATGAGCTGTTCGATACCCAGCAGATGCTGTTCGCCAAACGCCTGCTGGCTTTCGATCTCAGCCAGTTGAAGTCCCCGATCCAACTACCACAAAGCCATGATCTCTTGCGTAAACACCGGGGAGATCAAGATAACGATGCCTTGGCCTTCGCCATCTTCAGCGCCGATGGCCGTATGTTGCTCAACGACGGCGACAATGGCGATAACCTGGTCTACAACTATCGGCGTGATGGTTTCACCGACGGCTATCTCAACAACGATGATGACAGCTGGCGCCTACTCTGGCTGACCACCCCGGACGGCCGCTACCGCATTCTGGTCGGGCAAGAGTGGGACTACCGTGACGACATGGCGCTGAGTATCGTCGCCGCGCAGATGGCTCCCTGGCTGGTGGCGTTGCCGATCATGGTGATCTTACTACTGATCGTGATCAGCCGCGGGCTGGCGCCATTACACCGCCTCGCGGCCACCCTGGGCCGCCGCCGTCCCGATGATGCGACACCCTTGGCACGTGGCGCCATTCCCAGCGAGGTGTGGCCGGTCGTCGAGTCGCTCAATACCCTCTTCTCGCGCACCACCGCCCAGATGGTACGTGAACGCCGCTTCACCTCCGATGCCGCCCACGAGCTGCGCACACCGCTGGCGGCGTTACGCGTCCAGGCCGAGGTAGTTCAGCTGGCGCAAGATGATGCCGCATTACGTCAACGCGCACTCAGCCAGTTAGATCAAGGTATCGATCGGGCGACGCGCCTGGTCGATCAGCTATTAACGCTGTCGCGCCTGGATTCGCTGGCACAACTCAACGATGTGCAGTCGCGCCCCTTGGCCGAGATGCTGCAAGAGGCGGTTATCGAGATGGATGCGAGGGCGCATGCCGCGGACGTCACCCTGGCCCTCTGTGTCGAGGACACCAACGTCAGCCGCCAAATCCAGCCACTGCTGTTCTCCCTGCTACTGCGTAATCTGCTGGATAACGCCATCCGTTACAGCTCGGCAGGCAGCCAGGTCACTCTGCGGCTGGATAGTCGCTGCCTCCAAGTGACAGACAACGGTAGCGGTGTCGATGACCAGGTACTACAGCGCCTAGGTGAGCGCTTCTATCGCCCTCCCGGCCAGGAGAAAACCGGCAGCGGTCTGGGACTGTCCATTGTGCGCCAGATCGCGACCCTGCACGGTATGCGAGTTCAATTCGCCCATGCGCCGGGCGGCGGCTTCCAAGTCACCCTCCATTGGTAG,0,0,1
4,"RR['dpiA', 'citB']GHKL domain-containing ['dpiB', 'citA']",CAATTTTTACTCTGTGCGCGGTAGATGCGCTGTGGGCGCCCCACCTTGCCGTAGACGATCTCTGCCACGATCTGTTGGCGTGCGGCGCAAAACTCTAGGTAACGGCGCGCCGTGGTACGGCTCAGCATCAAGCTCTGCGCCACGCTCTCTGCGGTATGGCGTGCCTGCTCATCGACGAATAACGCCTGCACCTTCTCCAGCGTCAAGGCATCGATGCCCACCGGCAGATCCTCTTTGCTGTCGCCGCGCGCATAGGCGTTATACATACTATCGATCTGACGTTGGCTGGCATTCTGGCGCCCACTGAGCATGGAGTGACGCTGCTGATAACGCTCCAACGTTTGTCCCAAACGTTCGTAGGCGATAGGCTTAATCAGATAGTCGAAGGCGCCGCTACGCACCGCCTCGGAAACGGTATTCATGTCGCTGGCAGCGGTTGTCAACACCACACCACCAGGGTAACGTTGTTGAGCCAACTCATGCAGGAGTTGTACCCCTACCCCATCGGGCAAATAGTTATCCAATAAGATTAAATCCGGGTGAAAGCTTTTAATCATCGCCCGAGCTTGCGCCAGATTACCGGCCAGCCACAGTTGACCACAGCCGGGGTGATTACGAATAAACTCCGCGTGCATCTCAGCCAGTGGAGTCTCATCCTCGACGATTAATATATTGATTTTATTCATGCTCACTCTTCACCTTCGGGATAAATACAGAAAATAGGGTGCCATAGGGCTGGTTATCCTCCAGCGTAATGGTGCCCCCGCAACGTCCCACATAGCGGGCAATCAGGTAAAGGCCGATACCATGTTCCCCCGGTTCCTCCACCTTGCTACTGACGCCCTGCTCAAAAATTTTATCTTTCAACACATCCGGCACGCCGCATCCTTGATCGGCGACCTCGATAATGACCTCCGCCCCCTCATCCGACAAGTACACCTCGACGCTCCCATTGCCCGCCGGGTTCTTCAGACTCGCATCGAAGGCGTTATCGAGCAGGTTGCCAAGCACCGCCGCGAATTCTGTACTATCTAAACCGCTGGGCAGGGCATGCAACTGGCTGCCTTCGACAATCGTCAACGTCAGCCCCAACTCGCGCGCCCGATGCACTTTACCAAACAACAGACCGGCAACCACCTTATCGCTAAAGGCATCGCGCAGATGATCGATCAACTGCTGTTGCTCCTGCGAGGCTCCGCGCACCATCTCTAACGCACGATCGTACTCCTTCATCTGTAGCAACCCGCTGAGGGTCGACATCCAGTTAAGATGCTCATGACGCACGGTGCGCAGGCTATCGACATACTGCCGGATCTGCGTCAATTGCGCATTCAGCGTATTGATATCATCTTTACTACGGAAACTGATGATCGCCCCAAGCAGGGTATCACCATCGCCGGAACGGATAGTGGCCCGATTGGCGATCACGTTCAAACCATTAAAGGTCAGAATGGCATCGCGCCGATCTTCATCGATACGATCGGTAAAGAAATCTGCCGGTGAAACGACCTGACTAATCGGCTGCCCCAGCCACTGGCGTCCCGGGGCACTCAGCCCCAACATTTTGCGGGCATTACGGTTTATTGCCGTGATCTGCCCCTCAGGATCGACGGCGATCAGCCCCTCGAATACCGCACCAAATAGCGCCTCCATCTGACGCACCACCTGCGCTATCTGACGAGGCTCCATGCCCATCATCTGCCGACGAATATGGGCGGCGAACAGCCAAGATAGTAGCATCATCAACACCAGTACCCCGACAAAGACGCCCGCCATCGGCAGCAAGAAGTCGAGCCGCCAGCTGTCGATCTTACTCACCAGATAACCCAGGGAAATGACGCCAATCACCTTCCCTTGATGGTCGAAGATCGGCGTCTTGGCGCGCATCGCCATCCCCAGCGACCCTTTGCCTGAGATAAAGTAACTCTCTCCCCGTTCGAGGGCGCCCGGCTTATTAAACTGCATCTTATGGCCGATCTTGGCCGGATTCGGGTGGTACAAACGAATCGCGTTACGATCGCCGATGACCACATAATCGAAGTCGGTACCAGTCCCCAGGCGATCGGCAATCTGCGCTAATCGGTGAACATCACGATCCTTCACCCCATCGATAATGCTATCCATCGAGGCGATGATCTTGGCCTGGTTCATCGCCATGTCACGCACTTGCCTCGTCATGTAGTCTTCAAAACTCGCGGAGAGGTATTTACCCAAGGCGGCGAACAGACAGCAAGAAACCAATAGTAACAGGAGGAAAATACGCAATGGGAACGCCATACGGCGGAAAAAATTTACCGCATTACTCTTTGGCATTCTTACCATCGTCATCTCACCTTTTAAGACATTTCGATTACCTTTAACACCCTCAAATGTAACCGATTTGTTTCCAGACAAACTGTCCATAATGTTTTTCTACTTTGCAGATTATCGCTATTAAACTAATTACGCAAATAAAAACCAGCAAATAAAATTCTTTATTTAAAATTACGAAAATAAAAACTATTAAGGTAATTTAAATCTGCTTTCCGTTTGTGAATTAGGTCAAAAATTCTCGGTCAATTCCTAACTAGGATTAATTTAACCACAGCCAACGGTAATAAAAATAGGTGGAAAAGTTTTATTACCATTGATTGAAAATGAAAAGTTATTAAGTTGATAAAAGATACATTTATTTAACTTAGCCATGCTAACGCAGCGCAGGAATCCCTA,0,0,1
5,   HK CpxA RR,TAGGCTTTGCCCACGCCGCTACGACTGGAGAGGGGTAGCCAGAGCGTCAGACGTAGCCCACCTAATGGACTATCTTCGGCCCGAACCCAGCCGTGATGCTGCTCGACCACGGTAGAGACAATGGCCAGTCCCAGCCCGGTACCACCGGATTCGCGATCACGCGCCTCATCGGTACGGTAGAAGGGGCGGAAGATTTGCTCACGATCCTGTGGGGCAACGCCGGGGCCATCGTCATCCACATGGATAGTGATCCCTTGTTTGTCACAGCTGAAATGGATCACGATGTGGCTATTGGAGTAGCGCAGCGCGTTACGCACGATATTCTCGAATGCGCTATCCAGTGCCGCATGGCTGCCAAACAATGGCCATGGGCCGGGAGGCGTTGGTACCTCCAGTTTTTTACCGCGTTGCTCTGCTTCGAAGCGGGCATTGTCTAGAACATCGGACCATAGTTCATCGGCACGCAATGGTTCGCGATCCAATTCGGTCTTGTGCTGGTTGCGCGATAGGGCTAACAGATCGTTGATCATGCTATCTAGGCGCTGAGCCTCGGTCTCGATGCGCGCCAGCTCGCTGTATTCACCATGGCGTCGCCGCATCAGGGCGGTGGCCAATTGCAGGCGGGTCAGCGGCGTGCGCAGCTCGTGCGAGATGTCGGAGATCAGGCGCTGTTGGGCCTTAACCATTCCTTCAAGTGCACTCACCATCTGGTTGAAGCTGACGCCGGTCGCCAAGAACTCCTGGGGTCCAGACTCCAGTTCAGGATGCTGGCGCAGATTGCCGCTGGCAACTTCATCGGCCGCCATCTTCAGCTTGCGGGCTGGGCTCGCCAGACTCCAGGCTAACCACAGCAACAGCGGCGAACTGATCAGCATAGTGACCAGCAATAGCAGTAACGGACGGTCGAAGAGCAGATTGACGAAGTCAGATTGCGGGCTATTGGCCGGGCGTAGCAGATATAGCTGGTAGTTATCCTCGCCATCACGGATGGGGAAGGGGCCGAGGATCTCGACACGACCATATTTTTTCTTCTTCGGATGATCGGCGTTATCGGATTGGCCGATGAAGTTACGCACGATCTGCATCTCGTTGCGTTGGGCTCCGATCACACGCCCCTCGCTGGTCACCAGCAGCAGGCGTTGGCCCGGCGGTGACCATTTATCGATAGCGCGGAATAGTCGACGCCACCACAGTAGGTCGTTGGGAGGATCGACGGCCAATTCGGCTTCGACATGCTGCTCCAGCATGATGCCCTGGCGCCGTTCACTGTCCAGCAGGCTGGTGATCTGGCGCGAGTCGAGCTTGGGGAGCATCAGCACCACCATCAACACCAGGGCCAGCGTCAGCCAGAAAATGGCAAAAATACGCGCCGTTAGGCTATTGATCATGAAACGGATACCATCAGATAGCCGCGTCCGCGCAGCGTTTTAAACCATGGCTGACCGTCCTGGCGCTCCGGAAGTTTGCGGCGAAGGTTAGAGATATGCATGTCGATGGCGCGATCGAAGGGCGTTAGCCGCTTACCTAAAACTTCTTGGCTGAGATGTTCGCGCGAGACGACCTGCCCCAAATGCTGCGCTAACAGGTATAGCAGGGTGAACTCGGTACCGGTGAGCTCCAGTGGTTGGCCATCGAAACTGGCTTCTTGGCGCCCAGGATTCAGTTGTAAGCGGTCGACCTGAAGGATCGGTGCTCCATTATCGCCGTTTTGCTGCTGTTCGTTCCAGCTGGAGCGGCGCAGGATAGCGCGGATACGTGCTACTAACTCCCTATCGTTGAACGGCTTAGGAAGATAGTCGTCGGCGCCTAATTCCAATCCGAGGACACGGTCGAGTTCACTGCCGCGGGCGGTGAGCATAATGACCGGGGTCTGATGATGTTGACGCAACTCTTTTAAGGTATCGATACCGTTTTTCTTCGGCATCATGACATCCAGCAGTAGTAAGTCGATGCTGGCGTCCAGCATGGCTAAGGCCTGCTCACCATCGTGAGCGACGATAACTTCAAATCCTTCAAGATCAAGCAGTTCCTGAAGAAGCGACGTCAGTTCGCGATCGTCATCAACCAGTAAAATCTTATTCATTGGGTGTTACCTCCTGACGCAAAATACGATATCAAATGCCGCTAATCCATGACTTTACTTAGTTTTACATCCCCTGACGCATGTTTTCAGCTGCGCGGGTAGACTGCACTACATCGAATCAATGAGCGAGCCGGTACATAGGAGTGAGAGA,1,1,0
6, RR HK,GGCTGAACCTTTGTTGTTGTAAGAGCCTGGGAAAATTCATGCGAAAAGGGTAATGAAGAATGGCGACGACTGGCTGCCCGTGGCGGGGGAAATGTGATCTATGCCCATACATGTTAATTTATGGATAAAACAAGGTAAAAAAATGGTCTCATTTAATTTCCTAGGTAATTTTATTACTTTTATCGTGTTATTTTTTCCTTGAAACTCACACAGTTATTAACATTTCATTATCATTTCCTTAGGCATTGGTATGGGAAAAGTATGCATTTTCGTGGGGGATAATGACCAATGTTTATATTTGTGAGATGAAACGATAAGGCAATTTAATTCTATGAAAATTATTTCACTGCTGATCGAGGTCGTTCACTCCTCGCCGGCGATGTCAATGCGGTAATTGAGCGCATTGTGGTAGTCCGACTGAAAGTTAATGTCAGTTTGCCGACTTTATAAACAAAATGTGATAACTCGGAGGGTAGAGGCCGGGTAGACTGAATAAATCTAGGCGCGTGGAGGAGAGACGATGACGGAAAAACGGATCCTGGTGGTCGAGGATGACACACTGATCGCCGAACTACTAACGCTGCATCTGAGCGATGCGGGCTACCATGTCACTCATGCCGCCGAGGGGGATCGAGGCATGGCGTTGATCGAACAGGGCGGTTGGGACGCATTGATCCTGGATCTGATGCTGCCGGGGGTGGATGGCTTAGACATTTGCCGCCGGGTCCGCGCGATGACACGTTATACCCCGATTATCATCATCAGCGCTCGCTCCAGCGAACCGCATCGCGTCTTGGGGCTAGAGTTGGGAGCGGACGACTACCTGGCGAAACCCTTCTCCATGGTCGAACTGGTTGCTCGGGTCAAGGCGCTGTTTCGGCGCCAAGAGGCGATGGGACGTAATCTGATGCTAGAGGCGGGGCGCTTGACTCACGGTACCCTGACCCTCGACCCGATCGCGCGTCAGGCTTGGGTGGCGGAGCGGGCGATCGAGCTGACGCCGCGCGAGTTTGATCTACTCTATTTCTTCGCTCGCCATCCGGGGCAGGTATTTTCACGTCTCCAATTGCTGGATAAAGTCTGGGGTTATCAACATGATGGCTACGAACATACCGTCAATACCCATATCAATCGGCTGCGCACCAAGATCGAAGACGATCCCGCCGAGCCGGTCTGGATCCTGACGGTATGGGGCGCAGGCTATAAGTTCGGTGATGGTGGAGTTCCCGCATGAGATACCTCAGTCTCTCGCAGCGTCTTGCCCTGGTGTTTGCCCTGCTGCTGCTGGTCTGTAGTACCTTGACGGGCTGGTTACAGCTGCGTAGTAACGCCGCCTATAGCCATCAGGTGATCCAGCGTCTTTCCGCCGATCTGGCCAGCCATATCGCCCAGCATAATCCGCTGTTGCAGGCCGATGGCCTGAATCGAGCCTCGGTGAAACGACTATTCGACCAGCTGATGGCGGTGAATCCTAGCGTGGAGGTCTATCTGCTGGATAGCCAGGGGCAGATCATCGGCGATGCGGCTCCCGCGGGACGCATCGTGCGTCATCGTGTCGGCCTGGCGCCGATCGAAGCCTTCTTGGCCGGTCAGGCCTTACCACTATATGGCGATGATCCACGTAGTCGTGATGCCAAGAAGGTGTTTAGCGTCACGCCGTTGACCCTGAATGGCCATACCCGCGGCTATCTGTATGTGGTGTTGCTGGGGGAGGAGTATAACCGCTTGAGCGATGATGCCCGCCTCGGCTCGGCCTGGCGCATGGCGGGGTGGTCGATCGCCCTGATCCTGGGGTGTGGATTGCTGGCTTGGCTGCTGGCGTACCGTTGGGTGACGCGACCGGTACATGCCTTGACGCACCAAGTGGATCGTCTGGAGCGTGAAGGGTTGGAGACCTTGAGTCCGGAGACGTTGGCGGCGTTGCAGCGGGTGCAGGGCGAGGATGAGGTGGCGCGTCTGCAGCGGGCGTTTGGCCGTATGGCGCGGCGCATCACCGAGCAGTGGCGGCGTCTGGCCGATCAGGATCGTCAGCGGCGTGAGTTTATCACCACCGTGTCACACGACTTGCGCACACCGCTGACCTCGTTACACGGCTATCTGGAGACCCTGAGCCTGAAGCAGGAGAGTCTCGGCGAGGCGGATCGGCGGCGCTATCTGGCTACCGCCTTAACGCAGAGTCAGAAGGTGGGGCGCCTGGCTCAGCAGCTGTTCGAGCTGGCGCGGCTAGAGTACGGTGCGGTTAAGCCACAGTGCGAGCCTTTCTCCTTCGCCGAGTTGGTGCAGGATGTGTTCCAAAAGTTTGAGTTGGCTGCCGAGACGCGTGGCTTGACGCTGAGTACCGATGTGGTGGCGGGATTGCCTCCGATCACGGCGGATATCCATATGATGGAGCGGGTATTGACCAACCTGCTGGATAACGCCTTGCGCCATACGCCGCCAGAGGGGCGCATTGTGGTCCGTCTATGGCAGGCGCAGGGACGCTTGTGGGTGGAGTTATGCGACAGTGGCCCCGGCGTGCCCGATGCATTGCGAGAGGCCCTATTCCAGCGGCCGTTATCATCCGCTGAACGACGCCACGAGAGTGGTGGCTTGGGACTCTTGATCGTGAAACGGATGCTGGCGCTACATGATGGCGATATCGCCTTGGTGACGGGACAGCCGGGAGCCTGTTTCCGCCTCTCTTTGCCACTGTAG,3,0,0
7,  RR OmpR   HK EnvZ,CTGTTATAACCTGAAATGGAGGACGCCGGTCCAGTATGTTGTTCGATGCCGCATTGCATCGCCTTGCCCGGCGCGCTACGGTGGAGAACGCGGCGAGACAGCCTAACGCATTTTGCCACCTCGGGCGAATAATTGGCGTGATGATGTCGCCAACCTAGCGTAACCATAAGATAAATAACCTTTGTAACAATTTAGGCTAGAATATAAACCATTATCTGCTGTTTGAATAAAGCGAGTTTTCTGACAATAGATCGCGACGCGGGCGCGCGCTATTCTGGCGGGCGATAACCTGATTACACATACAGATATACAGACAAGCGCCGGGCTTTCTGCCTTTGGGAGTACACCATGCAAGAAAATTACAAAATTCTGGTTGTTGATGACGATATGCGCCTACGGGCATTGCTGGAACGCTACCTGACTGAGCAGGGGTTTCAGGTACGTAGCGTCGCCAACGCCGAGCAGATGGACCGTTTGCTCACGCGGGAATCTTTTCATTTGATGGTATTGGATCTGATGCTGCCGGGTGAGGATGGCTTGTCGATTTGCCGCCGCTTGCGTAGCCAGAGCAACCCGATGCCGATCATTATGGTGACGGCGAAGGGGGAAGAGGTGGATCGCATCGTTGGGCTAGAGATTGGCGCCGATGATTACATTCCCAAGCCGTTTAACCCGCGTGAACTGTTGGCGCGTATCCGTGCGGTATTGCGTCGTCAGGCCAACGAGTTGCCGGGGGCGCCGTCGCAGGAAGATGCGGTGATCAATTTTGGTAAGTTTAAGCTCAATCTGGGGACTCGTGAGATGTTCCGCGATGACGAGCCGATGCCGTTGACCAGCGGGGAGTTCGCGGTACTCAAGGCGTTGGTTAGCCATCCGCGTGAGCCGCTCTCTCGCGATAAGTTGATGAATCTGGCTCGAGGGCGTGAATACAGCGCAATGGAGCGCTCCATCGACGTGCAGATCTCGCGTCTGCGTCGCATGGTTGAGGAAGATCCGGCGCATCCGCGCTATATCCAGACCGTATGGGGCCTGGGCTATGTCTTTGTTCCGGATGGCAGTAAAGCATGAGACGATTGCGTTTCTCGCCGCGCAGCTCGTTTGCCCGCACCCTGTTGCTGATCGTCACCTTGCTGTTTGTCAGCCTGGTGACCACCTATTTGGTCGTACTGAACTTCGCGATTTTGCCGAGTTTGCAGCAGTTTAATAAGGTGTTGGCCTATGAGGTGCGGATGCTGATGACGGATAAGCTCCAACTGGAAGATGGTACCCAGTTGGATGTCCCGCCAGCGTTTCGCCGCGAGATTTACCGCGAGCTGGGCATTTCGCTGTATACCAATTCGGCGGCGGAAGAGAACGGGCTTCGCTGGGCGCAGCATTATCAGTTTTTAAGCCAACAGATGGCGCAGCAGTTGGGCGGGCCGACGGATGTCCGGGTTGAAATCAGCAAGAACACGCCGGTGGTGTGGCTGAAGACCTGGCTATCGCCCGATATCTGGGTGCGTGTGCCGTTGACCGAGATCCATCAAGGCGACTTCTCTCCATTATTCCGCTACACCTTGGCGATCATGCTGCTGGCGATCGGGGGCGCCTGGTTGTTCATCCGTATTCAAAACCGCCCCTTGGTGGAGTTGGAGCATGCCGCATTACAGGTGGGGAAAGGGCAGATCCCTCCACCGTTACGGGAATATGGCGCCTCGGAGGTGCGCTCGGTGACACGAGCGTTTAACCAGATGGCGGCCGGAGTCAAGCAGTTGGCGGATGACCGTACCTTATTGATGGCGGGGGTTAGCCATGATCTACGCACTCCGCTGACGCGTATCCGCCTCGCGACGGAAATGATGAGTCCCGAGGACGCCTATCTGGCGGAGTCGATCAACAAGGATACGGAAGAGTGTAACGCGATCATCGAGCAGTTCATCGATTACTTGCGAACCGGGCAGGAAATGCAGACGGAGTCGTGCGATCTGAATGGCATCCTGACTGAGGTGGTGGCGGCAGAGAGCGGCTATGAACGGGAGATCGACACGGCCTTGGCCGAGGGTGAGCTGCTGATCGATGCGCATCCGCTCTCTATCAAGCGCGCGGTCGTTAACATGGTGGTCAACGCGGCGCGCTACGGCAACGGTTGGATCCGGGTCAGCAGTGGACGTGATGGTGGCCGCGCCTGGCTCCAGGTGGAGGATGATGGACCGGGGATCGATGATGAGCAGCTGGCGCATCTGTTCCAGCCTTTCGTGCGCGGCGAGAGCGCCCGCACCACCAGTGGTACCGGTCTCGGGCTGGCGATCATCCAACGTATCATTGATGCTCACCATGGTAGCTTGGATATCGGTCGCAGCGAGCGTGGCGGACTAAAGATCCGCGCCTATCTCCATCTGGTGTCGCAAGTCGCGCTGGACGATCATGGCGCCAAACCCCGAAGCGGGGGGCGGCGTAAAGAGCGTAGCTAA,1,0,1
8,   HK PhoQ  RR PhoP,TAATCGTTTTCTAACCGCTGTTGGCCGAAGCGCACGTGCATACGTGCCCCGCCCAACGGGCTATCGTCGATGGTGACGCTCCCCTCGTACTGCGCGACCAGCTCGTCCACTAACGCCAGCCCCAGCCCCTGACCCGGGCGCAGGGTATCGGCGCGTTGGCCGCGAGCAAACACCAGTTCGCGTTTATCGTCGGGGATACCTGGACCGTCATCATCCACCCATAGCAGCAGGGTATCGCCCTGCAGACAGGCGCTGACCTCGACGAACTCCAGGCAGTATTTGCAGGCGTTGTCCAGTAGGTTACCCATCACCTCCATCAGATCGTTTTTCTCGCCGATAAAGGTCAACTCCGGCGGGATATCCAGCGAGATATCGACCCCCTTACGCTGGTAAACCTTGTTCAGTGCCGAAGCCAAGGCGTCGAGGATCGCCGGTACCGAATGGACTTCACGATTGAGCACGCTATGCTCCGACTGGGCGCTGGCGCGGTGCAGGTAGTAGCCGATCTGCTGGGAGATGCGACTGATCTGCTCCAGCATGATCGGCTCGGCCTGCTCGATGCTCAGGCTTTTACCGTTGCGCAGGGAGCGCAGGGTACTCTGTAGCACCGCCAGCGGGGTCTTCAGGCTATGAGTCAGGTCGGAGAGGGTGGTGCGATAGCGGGTGTAGCGCTGTCGCTCGTTGCTTAACAAGATGTTGAGGTTACGCACCAGCCCACGCAGCTCGAGGGGGGGATTCTCGCTCAGGCTATCCCGCTGCCCCTTCTCCAGCTCACGCACCTGACTGGCGACATCCTTGATCGGTTGCAGGCTCCAGTAGGCGGCCAGCCACAGCAGCGGCACCACTAATAGCACGTTGGCGATCAGCACATAGCTAAACCAGCCCCAGACCATATCCGAATTCTGTAGCTCCTGTGGGATGGTGTCGACCACCACGATGGTCAGCGCCGGGAGATGGTCGGTCGCGCTATACTGGCTGACGGCGACCGAGTGGGTCATGGCATCGGCGCTGTCGTCGTCGTAGTCCTTGAGTTGATCCTGCATCTGCGGGTTATCGCCCAGGACCGTGCTACTGAAGTGTTTGTTGCTGTCGATCTCATAGAAGCCGGGTTTCTCCAGCCAGGCGCGCTCGATGCGTTTCTCCAGCGCCGGTACGCGGCGCTGACTCCAAAGCAGGTGTCCCTCGCGATCGTAGATCATCACCAGGGTTGGGGTATTGAGCGCCATGTTGGGCGGTGGGGTGATGGTGAGTCGCCCATCCTGCCAGTGAGCCAGGCTAAAGAACAGATTGCTCTCGCCACGCAGCAGGCGGTAGGTCGTCTTATCGAAGCTGACGGCGTAGCCGACCACGGCCACCAGGCCATAAGCCAGCGACAAGAGGAACACCATGGCGGCGGTGGCCAGCATGAAACGGGTGCGTAGCGAGAAGGGGCGAGCCTTCCAGGCCTGCCAGCGTTGGCGCATCATGCCGGGACGTCGAAGCGGTAACCCTGACCACGCACGGTAGTGATCACCTCCGCCGGAAACGCCTGCTGTAGCTTCTTGCGCAGGCGGCCCATCAGCACGTCGATAGTATGGCTTTCGCGCAGTTCGGCATCGGGATAGAGTTGCAGCATCAGCGCATCCTTACTCACCACCTTGCCGTTGTTGCGGATCAACGTCTCCATAATGGTGTACTCGAAGGCGGTGAGCTTGATCAGCGTGTCGTCCACCCGCAATTCGCGGCGCGACAGATCGACCTGGAAGGGCGGCAGGCTGATGATCTGCGAGGCCAGGCCGCTATTCCGGCGCATCAGCGCCTGCATGCGCGCCAGCACCTCCTCCAGATGGAACGGCTTGGTGACGTAGTCGTCGGCGCCGGCTTCGAGCACCGTGACCTTCTCCTGCCAACTTTCGCGCGCGGTGAGCACCAGGATCGGCAGCGTGACCTGCTCGCTCCGCCAGCGGCGGATCAGACTCAGGCCATCTTCGCCCGGTAGGCCGAGGTCGACGATCGCGATGTCTGGCGTTTGCTCACGGACGAAAAAATCGGCCTCTTTGGCATTTTCCGCCGCGTCGACCTGGTGGCCGAGTTCGCGCATTTGTACCGCCAAATGGTGGCGTAGCAGGTTGTTGTCTTCGACGACTAAGATACGCATATTCAAATCCTTCCACTATCGTGCCGGGGTTACGATTGCCCCCTGAAATGCCTGGTTTCACCCTAGCGGAAAGTGGCGAGAGCGTCCATGGGATCTTGTTGACGTTGCCCGCTTTCCTTCAGCCTGTACGCCTCGCGGCATCGCCGACGGCGTTAGATCGGCTAACCATAAACACCCTAACCTCAACGGCAGATAAACTAGGCGCTTGCCATCGAGGCGAGACGCGCCGACAGGGTGTGAGCGAGAGCGCGCCGTGAGGCGGCGGTGATTGCTGTTTTTGGTATTATTAAGGTACTATTAACGCCTAATCAGCGAACAGAATGAGAGAGCGAGTA,0,0,0
9, RR HK,TAACGTTCGCGATGGTCATCATCGTCGTGCGCTGTCTGTAGCGTGTCGCGTTGGCTGAGGAAGGCGAGCAGCGAGGCGCTTTCCAGCTTGCGGCTGATGTTGGCGCGATGCACCTCCACCGTACGCAGCGAAACATGTAGCCGTTCGGCGACGGCCTGATTTTTTAATCCTTGGCAGAGTAGATCGAAGGTCTGCCGCTCACGTGCCGTTAGCCGGGCAAGGCGTTGACGATGTTGTTGCTCACACAGGCGTTGGCGCGAGACGAGCCAGGCGGCCTCGATGGCGGCCAATAGGCTACGGCTTTCCACCGGTTTCTCCAGGAAGTGGCAGGCGCCGCGTTGCAGCGCCTCGACGGCCTGTGGCACATCGCCGTGCCCGGTGAGGAAGATCACGCCCAGCACGCTCTCGCGTGCCAATAGGGCTTGGTGAACTTGCATCCCAGAGAGCCCAGGCATACGGAGATCCAGGATGACGCAGCCGGGCTGACTGGCGTCCACCGCGGCCAGGAAACGTTCGCCATCGGTGAAGGCGTTCACCGTCATACCATATCCTTCCAGGATAAATCCGAGCGAGTCGCGCACCGATGCGTCGTCATCGACGATATGGATCGAGATCGGGATGGTCATGTCACCTCCTTGCTGGGGTAGGGAAGGGTCAGCGTCGCCTGGCAGCCGCCCTCGGGACGGTTTTCTAGCGTCAGGGTGCCCGCGAGCGCCTCGGTGACTTGTTGGCAGATGGAGAGGCCGAGGCCGAGTCCGTCGGGCTTGGTGGTAAAGAAGGCCTGTTGCACGCACTGGCTCTCTTGAGGCAGGCCGGGACCATTATCGGCGATGATGACTTGGTAGGCGTCTGCCAGGTAGTGCTGGCTCAGGGTGATGTGGCGCGGTTCAGATTGGTTCGCCAGCGCCTCGATGGCGTTTTTTAACAGATTAAGTAGCAGTTGCTGTAGGCCGATGGCGTCGTAGCGGTCGTAACGTGGAACGCCGTCTAAACGGCGCGTCAGGACGATGGCGTGGCGGCGGAACTCATACGCGAGCAGCGCCAGGGTATCGTCCATCACGTTATGTGGCGCCAGCTCGACGTCCGGTTGTGGGGCGCGGCGGATCAGGCGGCGTAGCCGCTTGACGATGGCATCGGCCCGTGTGACCTGTTGACTGATGTGTCCCAAGGCGGGGATTAGGGTGGTGACCTCGACCTGGCGGTGCGCGCGATGTAGGCAGCCGTCGGCATAATTTTTGATCGCCTCCAGCGGTTGATTGAGCTCATGAGCCAGGCTGGTGCCCAATTCACCGACGATGGCGACGCGTTGCGCATGCTCCAGCGCCAGGCGTTTGCGATTCAGATCGGCCTCGGCATCAAGCAGGCGACGCTGGGTGCGTTGAAAACGCCACTCCAGCCACAGGTGATACAGCGTCAACAGTAGCAGCATACCTAATGCGCCCCAGAGCCAGGCTTGGTTTTCTTGCAGCCAGCGTAGGACTTGTAGGGTCAGGCTGACCGGGAGCGTCTCCTCCAACTGGCGGTAGAATTGTTCGATGCTGTAGCTACTCTCCGGCGCGCTCCAACCGAGCGAAGAGGCGGCGCGGGCCGCCGGATGCGTTTCCGGTAATGCCAACAGGGCGGCGGCCACCTGTTTGGCCAGCGCCGCGCTGGCGCGGTCGGTTCGGGCGAAGGACCAGTTGGGATAGAGCTGCGTTGAGCTTTGGCACTGGAAGTCGGCCGGGGCGATATTGTCGATCACCCGAAAGTCCTGGGCGTCGATCAGCCCCTCGCTGGCCATGGTTTCCAGCTGACAGACCGGGACGATGACCGCGTCGGTTTCCCCATCGCGCAGGCGATAGATCAAGGCATCCAGCGGAAAGCCGGCAAAGCGAGTTTGAGCGAAGAAGTGGCGGTAGTCGTAGCCCTCGCGCGCCAGACGATACAGCAGCGTCTGGTATCCACCGAACGCTTGGGGGGCGACGGCGCTGATGCGCTTGCCGCGCAGATCGGCCAGATGGTGCAGCGTGCTCGCGCGCCGCACGATTAACGCAGATCCGATGACGTTGTTATTCCCTGGGCGTAGTGGGCTCTTGAGGGTCGCCAGCCAGGAGAGCGGCGCATGACGCCCCAGCGTGACGGCTTGCCCGGGGTTGGTGATGACAAAGTCGAGTCGGCGTTGGCGCACGGCACTATCTAAGGCGCTGATATCGTAGGGTTGCAGCTGAAAATGATAGGCCGGCAAGCGTTGATTGAGCCAACCGATCAGCGGTTGCCATTGGCTGTTCGCCATCTGGGTGCCACGCGTCGCCAGTACGCCGATGGTGACCGGTTGCGGCGAGGGCGGTGTCGCCCGAGCGGGCGCCAGGCAAACGAGGAGCGATAACAGCCAGCAGAGGCGTAACAGCACATTCATCGGAGATCGGATTCGTATTTTTGCGAGATGGTTAATTTTGATATAGGTCAGCAATCGATCGCTATTGTGGTTTTCCACAATAGGAAGGCCTTTTCTCTCCTGCACATAATAAATCACGCCAATCAATAAGCGAATCAAGAAAGGCGGATCTGTGATGTTACAGACAGCGCCATCGACGTGGGAGGAGAGTGA,0,0,0
10,HAMP domain-containing  RR,TACGCCTTGCCGCGCTCGGCGCGTGCGAGGGAAAAGTGAAAGCGGGTGGCCTCGCTATCGGAGCTGACCCAGACTTGGCCTTGATGTGCCGTGATGATCGACTTGACGATGGCCAGGCCGATGCCGCTTCCTTCCCCCTTACGCTGGCGTGCGGGATCGACCCGATAGAAGCGGTCAAACAGCCGGGGTAGATGCTGCGCCGCGATCGGCGTGCCGGGGTTAGCGACGCAGAGTTGTACCCTGTCCTTTGTCTCGCTGAGTCGTACATGTATGCATTGGCCTGCCGGCGTATGGCGGATGGCGTTAGACAACAGATTGCTGATGACCCGTCGCACCATCAAGGGATCGCCCCAGGCGGCTGCGGCCTGGCCGTCGAAGCGCAGGGTTACCCGGCACTCCTCTGCCCAGGCTTCGAAGAAGTCGAAGACCTTCAGGGTCTCCGCGCGGAGATCGAACGGGAGGCAGTTTAGGCCGAGGCGTTGATTGTCCGCTTGCGCCAGAAAGAGCATGTCATTCACCATCTTCGCCATACGCTGGTACTCTTCGAGATTCGAATAGATGACCTCCTCCAACTCGTGTTGGGTACGCGCCTGGCTTAACACGATCTCGCTTTGGGTGATCAGGTTGGTGATGGGGGTACGCATCTCATGGGCGATGTCGGCAGAGAAGTTTGCCTGGCGGGTAAAAACATCCTCGATGCGGGCGAGCATCTGGTTGAAGGAGAGGACGAGTTGTTGCAGCTCGATCGGCACCGCGCCCGGTTCGAGGCGGGTATCGAGGTTCTCTGTGGTGATGCTCTTGATCGTGCCGCTGAGTTGGCGTAGCGGTTGGTGTCCGTTGTACACGGCGAGCAGCACGATGAAAATGATCAGCAGGCTGATAAAGACCGCGCAGATCGTCAGATCCCGCTTGAGCTGATCGAGATAGTGCAGGTGTACGTTGATCGAGAGGGCGATCAGCAGGGTGTAGGGGGCCGGTGGCTCGCCCGCCGGGTAGACGGTGCTGGCGATCAGACGGTACGCCTCGGGGTGCGCCGCATCGTGCGGGGACGCGTGCCGGGTATTCGACCAGCGGAAGACTTGGCCGCTTTGTAGGTAATGCGGCAAGGCGGGTAATTGCCAGACGGCGTTGAGGTGGGCGGCGGAGTCTGAGCGGTAGAGGAAGCGCTGGTCATCGGCGCGGATCGCGACGCTGATGTTCTGATAGCCAGCCAGTACGCGGTTCAGCATCTCCTGGCGAGGGACGTCGGGACGGGGTGGCTCTTGCAAGACGCGCAGGATGCTGCTGCGCACCTGTTGGAGCGTGCCGTTATCCAGCTCGGCGAAGTGACGCTCGACGGAGTAGATCATGATCCAGGTGAACACGGCGAAGGCGAGACTGGTCGCCAGGGAGATGGTCAGGGTCAGGCGTGCCGCCAGGGAGATGGGGCGTCGTAGGGGGTTACGGCGCATCGGGCACCTCAAGCATGTAGCCTACACCGCGCACCGTCTGGATCAGCTTAGGCTCGAAGTCGAGATCGATTTTGGCGCGCAGGCGCTTGACGGCCACATCGATGGCATTGGTATCGCTGTCGAAGTTCATGTCCCAGACCTGGGAGGCGATCAACGAGCGGGGCAGAACCTCCCCCTGATGGCGGATGAAAAACTCCAGCAGGGTGAACTCCTTACCGGTCAGGGTGAGACGCTTGCCGCTACGTGTCACCTTCCGCGAGAGGAGATCGAGGGTGAGATCGGCCACCTGAAACTGACGCTCCGGTATGTGGCTGTTGCCGCGACGCAACAGGGTTCTCACCCGAGCCAGGAGTTCGGCGAAGGCAAAGGGCTTGACCAGATAATCGTCGGCCCCGAGTTCTAATCCCTTCACCCGTTGCTCGATGGTACCCAGGGCGCTGAGCAGTAGGATCGGCACCCCTTGGTTGGCGTTGCGCAGCATGCGCACCACATCCCAGCCATTGACGTCGGGCAGCAGGATGTCGAGGATGATCAGATCATAGCCGGCGGTCATCGCCAAATGATATCCCGTCAAACCGTTGTCGGTGAGATCGACGACAAATCCCGCCTCGGTTAACCCTTTACTCAGGTATTTCCCGGTTTTTACCTCATCTTCGACGATCAGTATCTTCACCCTATGCTCCGTTATCTCGTGATGTCTCGGCCATTGTAGGGCGCACGCGAGTGAGATCAATCGATGAACGGGAAAATGACAGCTTTGTCATTTTCCCGTCACCGGACAAAGCGTATGGGTTTGTTAAGGTTGCCCACATCCTTTGGCGGCCTGATGGGGCCCCTTCATCGACGTGTTTGGGCTATCAGCGTTA,1,0,0
