"","barcode","top_by_reads","top_prop","X..Sequences.y"
"1",1,"C_rodentium_TCS10","C_rodentium_TCS10",10345
"2",2,"E_faecalis_TCS2","E_faecalis_TCS2",1714
"3",3,"C_rodentium_TCS8","C_rodentium_TCS8",1914
"4",4,"V_cholera_TCS2","V_cholera_TCS2",953
"5",5,"B_frag_TCS3","B_frag_TCS3",370
"6",6,"B_frag_TCS3","B_frag_TCS3",499
"7",7,"B_frag_TCS3","B_frag_TCS3",235
"8",8,"B_producta_TCS1","B_producta_TCS1",41
"9",9,"C_rodentium_TCS9","C_rodentium_TCS9",1569
"10",10,"C_rodentium_TCS2","C_rodentium_TCS2",1173
"11",11,"Y_enterocolitica_TCS3","Y_enterocolitica_TCS3",1110
"12",12,"K_pneumonia_TCS3","K_pneumonia_TCS3",1752
"13",13,"C_rodentium_TCS5","C_rodentium_TCS5",452
"14",14,"K_pneumonia_TCS7","K_pneumonia_TCS7",277
"15",15,"K_pneumoniae_TCS10","K_pneumoniae_TCS10",1707
"16",16,"E_faecalis_TCS2","E_faecalis_TCS2",106
"17",17,"E_tarda_TCS7","E_tarda_TCS7",712
"18",18,"E_tarda_TCS7","E_tarda_TCS7",672
"19",19,"K_pneumonia_TCS3","K_pneumonia_TCS3",641
"20",20,"K_pneumonia_TCS3","K_pneumonia_TCS3",1010
"21",21,"B_frag_TCS3","B_frag_TCS3",124
"22",22,"C_rodentium_TCS11","C_rodentium_TCS11",8
"23",23,"C_rodentium_TCS9","C_rodentium_TCS9",566
"24",24,"C_rodentium_TCS11","C_rodentium_TCS11",7
"25",25,"E_faecalis_TCS2","E_faecalis_TCS2",128
"26",26,"V_cholera_TCS4","V_cholera_TCS4",487
"27",27,"V_cholera_TCS4","V_cholera_TCS4",693
"28",28,"S_enterica_TCS4","S_enterica_TCS4",478
"29",29,"C_rodentium_TCS8","C_rodentium_TCS8",220
"30",30,"C_rodentium_TCS7","C_rodentium_TCS7",193
"31",31,"E_faecalis_TCS2","E_faecalis_TCS2",280
"32",32,"Y_enterocolitica_TCS3","Y_enterocolitica_TCS3",206
"33",33,"K_pneumonia_TCS3","K_pneumonia_TCS3",609
"34",34,"C_rodentium_TCS9","C_rodentium_TCS9",251
"35",35,"B_frag_TCS3","B_frag_TCS3",63
"36",36,"E_faecalis_TCS2","E_faecalis_TCS2",94
"37",37,"K_oxytoca_TCS1","K_oxytoca_TCS1",223
"38",38,"C_rodentium_TCS9","C_rodentium_TCS9",519
"39",39,"C_rodentium_TCS4","C_rodentium_TCS4",182
"40",40,"V_cholera_TCS4","V_cholera_TCS4",224
"41",41,"K_pneumonia_TCS7","K_pneumonia_TCS7",97
"42",42,"pCR21 PCR Product","pCR21 PCR Product",3565
"43",43,"C_rodentium_TCS5","C_rodentium_TCS5",77
"44",44,"B_frag_TCS3","B_frag_TCS3",102
"45",45,"C_rodentium_TCS4","C_rodentium_TCS4",82
"46",46,"V_cholera_TCS4","V_cholera_TCS4",383
"47",47,"E_faecalis_TCS3","E_faecalis_TCS3",50
"48",48,"Y_enterocolitica_TCS3","Y_enterocolitica_TCS3",365
"49",49,"E_tarda_TCS2","E_tarda_TCS2",302
"50",50,"K_pneumonia_TCS3","K_pneumonia_TCS3",223
"51",51,"C_rodentium_TCS9","C_rodentium_TCS9",363
"52",52,"K_oxytoca_TCS1","K_oxytoca_TCS1",223
"53",53,"C_rodentium_TCS4","C_rodentium_TCS4",80
"54",54,"C_perfringens_TCS2","C_perfringens_TCS2",5
"55",55,"S_enterica_TCS_ttrSRRIG","S_enterica_TCS_ttrSRRIG",189
"56",56,"C_rodentium_TCS9","C_rodentium_TCS9",293
"57",57,"S_enterica_TCS3","S_enterica_TCS3",424
"58",58,"C_rodentium_TCS9","C_rodentium_TCS9",303
"59",59,"C_rodentium_TCS10","C_rodentium_TCS10",140
"60",60,"E_faecalis_TCS2","E_faecalis_TCS2",39
"61",61,"K_oxytoca_TCS1","K_oxytoca_TCS1",187
"62",62,"C_rodentium_TCS5","C_rodentium_TCS5",31
"63",63,"C_rodentium_TCS11","C_rodentium_TCS11",10
"64",64,"E_faecalis_TCS2","E_faecalis_TCS2",70
"65",65,"S_enterica_TCS1","S_enterica_TCS1",247
"66",66,"E_faecalis_TCS2","E_faecalis_TCS2",60
"67",67,"E_tarda_TCS2","E_tarda_TCS2",359
"68",68,"C_rodentium_TCS10","C_rodentium_TCS10",485
"69",69,"C_rodentium_TCS9","C_rodentium_TCS9",220
"70",70,"B_producta_TCS6","B_producta_TCS6",252
"71",71,"C_rodentium_TCS5","C_rodentium_TCS5",70
"72",72,"pCR24 PCR Product","pCR24 PCR Product",8402
"73",73,"pCR15  PCR Product","pCR15  PCR Product",2964
"74",74,"K_pneumonia_TCS3","K_pneumonia_TCS3",128
"75",75,"E_tarda_TCS4","E_tarda_TCS4",204
"76",76,"K_oxytoca_TCS1","K_oxytoca_TCS1",245
"77",77,"V_cholera_TCS2","V_cholera_TCS2",144
"78",78,"K_pneumonia_TCS9","K_pneumonia_TCS9",247
"79",79,"pCR21 PCR Product","pCR21 PCR Product",4203
"80",80,"C_rodentium_TCS7","C_rodentium_TCS7",313
"81",81,"pCR21 PCR Product","pCR17 PCR Product",8
"82",82,"C_rodentium_TCS6","C_rodentium_TCS6",362
"83",83,"K_pneumonia_TCS7","K_pneumonia_TCS7",103
"84",84,"C_rodentium_TCS5","C_rodentium_TCS5",62
"85",85,"C_rodentium_TCS9","C_rodentium_TCS9",199
"86",86,"S_enterica_TCS_ttrSRRIG","S_enterica_TCS_ttrSRRIG",197
"87",87,"C_rodentium_TCS10","C_rodentium_TCS10",279
"88",88,"E_faecalis_TCS2","E_faecalis_TCS2",43
"89",89,"K_pneumonia_TCS3","K_pneumonia_TCS3",261
"90",90,"B_frag_TCS3","B_frag_TCS3",45
"91",91,"C_rodentium_TCS9","C_rodentium_TCS9",146
"92",92,"K_pneumonia_TCS7","K_pneumonia_TCS7",79
"93",93,"K_pneumonia_TCS3","E_faecalis_TCS1",324
"94",94,"V_cholera_TCS4","V_cholera_TCS4",191
"95",95,"E_faecalis_TCS2","E_faecalis_TCS2",49
"96",96,"C_rodentium_TCS6","C_rodentium_TCS6",255
"97",97,"C_rodentium_TCS1","C_rodentium_TCS1",99
"98",98,"Y_enterocolitica_TCS5","Y_enterocolitica_TCS5",95
"99",99,"C_rodentium_TCS5","C_rodentium_TCS5",29
"100",101,"C_rodentium_TCS9","C_rodentium_TCS9",179
"101",102,"B_frag_TCS3","B_frag_TCS3",50
"102",103,"K_pneumonia_TCS7","K_pneumonia_TCS7",65
"103",104,"pCR23  PCR Product","pCR23  PCR Product",5961
"104",105,"B_producta_TCS12","B_producta_TCS12",60
"105",106,"K_pneumonia_TCS3","K_pneumonia_TCS3",226
"106",107,"K_oxytoca_TCS1","K_oxytoca_TCS1",136
"107",108,"E_faecalis_TCS3","E_faecalis_TCS3",17
"108",109,"E_tarda_TCS6","E_tarda_TCS6",266
"109",110,"pCR21 PCR Product","pCR21 PCR Product",4869
"110",111,"V_cholera_TCS2","V_cholera_TCS2",101
"111",112,"S_enterica_TCS5","S_enterica_TCS5",60
"112",113,"K_pneumonia_TCS7","K_pneumonia_TCS7",60
"113",114,"E_tarda_TCS7","E_tarda_TCS7",197
"114",115,"V_cholera_TCS4","B_producta_TCS1",89
"115",116,"C_rodentium_TCS11","C_rodentium_TCS11",5
"116",117,"Y_enterocolitica_TCS5","Y_enterocolitica_TCS5",100
"117",118,"B_producta_TCS12","B_producta_TCS12",40
"118",119,"C_rodentium_TCS6","C_rodentium_TCS6",304
"119",120,"E_tarda_TCS7","E_tarda_TCS7",119
"120",121,"V_cholera_TCS4","V_cholera_TCS4",68
"121",122,"pCR21 PCR Product","pCR21 PCR Product",3358
"122",123,"pCR21 PCR Product","C_rodentium_TCS11",10
"123",124,"pCR16  PCR Product","pCR16  PCR Product",3507
"124",125,"K_pneumonia_TCS7","K_pneumonia_TCS7",41
"125",126,"E_faecalis_TCS2","E_faecalis_TCS2",39
"126",127,"V_cholera_TCS2","V_cholera_TCS2",40
"127",128,"B_frag_TCS3","B_frag_TCS3",31
"128",129,"B_producta_TCS6","B_producta_TCS6",158
"129",130,"pCR15  PCR Product","pCR15  PCR Product",4432
"130",131,"B_producta_TCS12","B_producta_TCS12",27
"131",132,"C_rodentium_TCS9","C_rodentium_TCS9",101
"132",133,"B_frag_TCS3","B_frag_TCS3",37
"133",134,"K_pneumoniae_TCS10","K_pneumoniae_TCS10",95
"134",135,"V_cholera_TCS4","V_cholera_TCS4",83
"135",136,"pCR16  PCR Product","pCR16  PCR Product",3831
"136",137,"C_rodentium_TCS2","C_rodentium_TCS2",181
"137",138,"pCR18  PCR Product","pCR18  PCR Product",5853
"138",139,"E_faecalis_TCS2","E_faecalis_TCS2",40
"139",140,"K_pneumonia_TCS7","K_pneumonia_TCS7",44
"140",141,"K_pneumonia_TCS3","K_pneumonia_TCS3",115
"141",143,"L_gasseri_TCS1","L_gasseri_TCS1",38
"142",144,"E_faecalis_TCS2","E_faecalis_TCS2",18
"143",145,"E_faecalis_TCS2","E_faecalis_TCS2",27
"144",146,"E_tarda_TCS2","E_tarda_TCS2",66
"145",147,"E_tarda_TCS7","E_tarda_TCS7",93
"146",148,"pCR15  PCR Product","pCR15  PCR Product",2523
"147",149,"C_rodentium_TCS2","C_rodentium_TCS2",98
"148",150,"C_rodentium_TCS7","C_rodentium_TCS7",148
"149",151,"C_rodentium_TCS9","C_rodentium_TCS9",109
"150",152,"V_cholera_TCS4","V_cholera_TCS4",57
"151",153,"S_enterica_TCS_ttrSRRIG","S_enterica_TCS_ttrSRRIG",160
"152",154,"B_frag_TCS3","B_frag_TCS3",50
"153",155,"pCR21 PCR Product","pCR17 PCR Product",4
"154",156,"pCR16  PCR Product","pCR16  PCR Product",4708
"155",157,"L_plantarum_TCS2","L_plantarum_TCS2",72
"156",158,"K_oxytoca_TCS1","K_oxytoca_TCS1",77
"157",159,"E_tarda_TCS7","E_tarda_TCS7",107
"158",160,"K_pneumonia_TCS7","K_pneumonia_TCS7",78
"159",161,"C_rodentium_TCS8","S_enterica_TCS5",45
"160",162,"E_faecalis_TCS2","E_faecalis_TCS2",33
"161",163,"E_faecalis_TCS2","E_faecalis_TCS2",37
"162",164,"K_pneumoniae_TCS10","K_pneumoniae_TCS10",34
"163",165,"V_cholera_TCS2","V_cholera_TCS2",83
"164",166,"B_producta_TCS1","B_producta_TCS1",4
"165",168,"E_tarda_TCS2","E_tarda_TCS2",144
"166",169,"L_gasseri_TCS1","L_gasseri_TCS1",19
"167",170,"C_perfringens_TCS2","C_perfringens_TCS2",5
"168",171,"Y_enterocolitica_TCS5","Y_enterocolitica_TCS5",57
"169",172,"K_pneumonia_TCS5","K_pneumonia_TCS5",238
"170",173,"B_frag_TCS3","B_frag_TCS3",11
"171",174,"K_pneumonia_TCS3","K_pneumonia_TCS3",86
"172",175,"C_rodentium_TCS8","C_rodentium_TCS8",27
"173",176,"C_rodentium_TCS3","C_rodentium_TCS3",355
"174",177,"K_pneumonia_TCS3","K_pneumonia_TCS3",95
"175",178,"Y_enterocolitica_TCS3","Y_enterocolitica_TCS3",77
"176",179,"E_tarda_TCS5","E_tarda_TCS5",194
"177",180,"E_faecalis_TCS2","E_faecalis_TCS2",26
"178",182,"E_faecalis_TCS2","E_faecalis_TCS2",47
"179",183,"L_plantarum_TCS2","L_plantarum_TCS2",76
"180",185,"pCR22  PCR Product","pCR22  PCR Product",5036
"181",186,"V_cholera_TCS2","V_cholera_TCS2",61
"182",187,"Y_enterocolitica_TCS5","Y_enterocolitica_TCS5",120
"183",188,"C_rodentium_TCS10","C_rodentium_TCS10",214
"184",189,"C_rodentium_TCS6","C_rodentium_TCS6",114
"185",190,"C_rodentium_TCS5","C_rodentium_TCS5",29
"186",191,"V_cholera_TCS4","V_cholera_TCS4",72
"187",192,"B_frag_TCS3","B_frag_TCS3",37
"188",193,"K_pneumonia_TCS5","K_pneumonia_TCS5",67
"189",194,"C_rodentium_TCS2","C_rodentium_TCS2",114
"190",195,"B_frag_TCS3","B_frag_TCS3",34
"191",197,"C_rodentium_TCS6","C_rodentium_TCS6",363
"192",198,"V_cholera_TCS4","V_cholera_TCS4",41
"193",199,"C_rodentium_TCS7","C_rodentium_TCS7",72
"194",200,"B_frag_TCS3","B_frag_TCS3",36
"195",201,"E_faecalis_TCS2","E_faecalis_TCS2",17
"196",202,"L_plantarum_TCS2","L_plantarum_TCS2",46
"197",203,"E_faecalis_TCS2","E_faecalis_TCS2",22
"198",204,"C_rodentium_TCS6","C_rodentium_TCS6",136
"199",205,"C_rodentium_TCS9","C_rodentium_TCS9",76
"200",206,"K_pneumonia_TCS3","K_pneumonia_TCS3",208
"201",207,"K_pneumonia_TCS3","K_pneumonia_TCS3",54
"202",208,"C_rodentium_TCS5","C_rodentium_TCS5",18
"203",209,"C_rodentium_TCS6","C_rodentium_TCS6",114
"204",210,"C_rodentium_TCS5","C_rodentium_TCS5",16
"205",211,"V_cholera_TCS4","V_cholera_TCS4",68
"206",212,"V_cholera_TCS4","V_cholera_TCS4",42
"207",213,"C_rodentium_TCS11","C_rodentium_TCS11",4
"208",214,"L_plantarum_TCS2","L_plantarum_TCS2",35
"209",215,"C_rodentium_TCS10","C_rodentium_TCS10",83
"210",216,"B_producta_TCS6","B_producta_TCS6",62
"211",217,"Y_enterocolitica_TCS1","Y_enterocolitica_TCS1",96
"212",218,"Y_enterocolitica_TCS3","Y_enterocolitica_TCS3",33
"213",219,"K_pneumonia_TCS7","K_pneumonia_TCS7",50
"214",220,"V_cholera_TCS4","V_cholera_TCS4",68
"215",221,"C_rodentium_TCS9","C_rodentium_TCS9",71
"216",222,"K_pneumonia_TCS4","K_pneumonia_TCS4",33
"217",223,"B_frag_TCS3","B_frag_TCS3",12
"218",224,"pCR15  PCR Product","pCR17 PCR Product",7
"219",225,"K_pneumonia_TCS3","K_pneumonia_TCS3",54
"220",226,"B_frag_TCS2","B_frag_TCS2",18
"221",227,"C_rodentium_TCS6","C_rodentium_TCS6",92
"222",228,"E_tarda_TCS6","E_tarda_TCS6",150
"223",229,"K_pneumonia_TCS5","K_pneumonia_TCS5",78
"224",230,"K_pneumonia_TCS3","K_pneumonia_TCS3",42
"225",231,"C_rodentium_TCS6","C_rodentium_TCS6",51
"226",233,"E_faecalis_TCS2","E_faecalis_TCS2",8
"227",234,"E_faecalis_TCS2","E_faecalis_TCS2",28
"228",235,"B_producta_TCS6","B_producta_TCS6",57
"229",236,"Y_enterocolitica_TCS3","Y_enterocolitica_TCS3",43
"230",237,"K_pneumonia_TCS7","K_pneumonia_TCS7",21
"231",238,"E_tarda_TCS6","E_tarda_TCS6",125
"232",239,"Y_enterocolitica_TCS1","Y_enterocolitica_TCS1",83
"233",240,"E_faecalis_TCS2","E_faecalis_TCS3",11
"234",241,"pCR21 PCR Product","pCR17 PCR Product",9
"235",242,"K_pneumoniae_TCS10","K_pneumoniae_TCS10",76
"236",243,"R_gnavus_TCS5","R_gnavus_TCS5",37
"237",244,"K_pneumonia_TCS7","K_pneumonia_TCS7",58
"238",245,"V_cholera_TCS4","V_cholera_TCS4",44
"239",246,"C_rodentium_TCS9","C_rodentium_TCS9",54
"240",247,"E_faecalis_TCS2","E_faecalis_TCS2",19
"241",248,"B_producta_TCS12","B_producta_TCS12",10
"242",249,"Y_enterocolitica_TCS1","Y_enterocolitica_TCS1",50
"243",250,"B_producta_TCS16","B_producta_TCS16",18
"244",251,"B_caccae_TCS5","B_caccae_TCS5",46
"245",252,"C_rodentium_TCS2","C_rodentium_TCS2",40
"246",253,"E_faecalis_TCS2","E_faecalis_TCS2",12
"247",255,"C_rodentium_TCS10","C_rodentium_TCS10",51
"248",256,"C_rodentium_TCS10","C_rodentium_TCS10",42
"249",257,"C_rodentium_TCS10","C_rodentium_TCS10",118
"250",258,"E_tarda_TCS5","E_tarda_TCS5",54
"251",259,"E_faecalis_TCS2","E_faecalis_TCS2",16
"252",260,"K_pneumoniae_TCS10","K_pneumoniae_TCS10",93
"253",261,"K_pneumoniae_TCS10","K_pneumoniae_TCS10",48
"254",262,"B_producta_TCS16","B_producta_TCS16",22
"255",263,"C_rodentium_TCS6","C_rodentium_TCS6",64
"256",264,"L_gasseri_TCS1","L_gasseri_TCS1",19
"257",265,"Y_enterocolitica_TCS1","Y_enterocolitica_TCS1",95
"258",266,"C_rodentium_TCS8","C_rodentium_TCS8",41
"259",267,"B_frag_TCS3","B_frag_TCS3",15
"260",268,"K_pneumoniae_TCS10","K_pneumoniae_TCS10",51
"261",269,"E_tarda_TCS6","E_tarda_TCS6",62
"262",270,"K_oxytoca_TCS1","K_oxytoca_TCS1",26
"263",271,"L_gasseri_TCS1","L_gasseri_TCS1",15
"264",273,"C_rodentium_TCS7","C_rodentium_TCS7",36
"265",274,"E_tarda_TCS7","E_tarda_TCS7",62
"266",276,"E_faecalis_TCS2","E_faecalis_TCS2",19
"267",277,"K_pneumoniae_TCS10","K_pneumoniae_TCS10",70
"268",278,"E_tarda_TCS7","E_tarda_TCS7",32
"269",279,"L_plantarum_TCS2","L_plantarum_TCS2",73
"270",280,"B_producta_TCS6","B_producta_TCS6",37
"271",282,"C_rodentium_TCS7","C_rodentium_TCS7",42
"272",283,"E_faecalis_TCS2","E_faecalis_TCS2",27
"273",284,"B_frag_TCS2","B_frag_TCS2",28
"274",285,"C_rodentium_TCS8","C_rodentium_TCS8",44
"275",286,"K_oxytoca_TCS1","K_oxytoca_TCS1",54
"276",287,"E_faecalis_TCS3","E_faecalis_TCS3",4
"277",288,"C_rodentium_TCS9","C_rodentium_TCS9",61
"278",289,"L_plantarum_TCS2","L_plantarum_TCS2",33
"279",291,"C_rodentium_TCS3","C_rodentium_TCS3",118
"280",292,"K_pneumonia_TCS3","B_caccae_TCS5",78
"281",293,"V_cholera_TCS2","V_cholera_TCS2",37
"282",296,"L_gasseri_TCS1","L_gasseri_TCS1",16
"283",297,"E_faecalis_TCS2","E_faecalis_TCS2",9
"284",298,"C_rodentium_TCS6","C_rodentium_TCS6",53
"285",299,"E_faecalis_TCS2","E_faecalis_TCS2",10
"286",300,"L_plantarum_TCS2","L_plantarum_TCS2",27
"287",301,"C_rodentium_TCS7","C_rodentium_TCS7",60
"288",302,"C_rodentium_TCS10","S_enterica_TCS3",15
"289",303,"L_plantarum_TCS2","L_plantarum_TCS2",18
"290",304,"E_faecalis_TCS2","E_faecalis_TCS2",21
"291",305,"E_tarda_TCS6","E_tarda_TCS6",72
"292",306,"C_rodentium_TCS10","S_enterica_TCS3",25
"293",307,"E_tarda_TCS7","E_tarda_TCS7",38
"294",308,"C_rodentium_TCS8","C_rodentium_TCS8",11
"295",309,"L_gasseri_TCS1","L_gasseri_TCS1",9
"296",310,"Y_enterocolitica_TCS3","Y_enterocolitica_TCS3",62
"297",311,"L_gasseri_TCS1","L_gasseri_TCS1",12
"298",312,"V_cholera_TCS4","V_cholera_TCS4",57
"299",313,"E_tarda_TCS6","E_tarda_TCS6",98
"300",314,"B_producta_TCS16","B_producta_TCS16",8
"301",315,"K_pneumoniae_TCS10","K_pneumoniae_TCS10",31
"302",316,"C_rodentium_TCS10","S_enterica_TCS3",41
"303",317,"L_gasseri_TCS1","L_gasseri_TCS1",10
"304",318,"C_rodentium_TCS10","K_pneumonia_TCS5",48
"305",319,"V_cholera_TCS4","V_cholera_TCS4",51
"306",320,"C_rodentium_TCS8","C_rodentium_TCS8",14
"307",321,"K_pneumonia_TCS3","K_pneumonia_TCS3",91
"308",322,"C_rodentium_TCS10","C_rodentium_TCS10",77
"309",323,"E_faecalis_TCS2","E_faecalis_TCS2",4
"310",324,"C_rodentium_TCS4","C_rodentium_TCS4",26
"311",325,"C_rodentium_TCS9","C_rodentium_TCS9",53
"312",326,"B_frag_TCS3","B_frag_TCS3",12
"313",328,"L_gasseri_TCS1","L_gasseri_TCS1",6
"314",329,"C_rodentium_TCS6","C_rodentium_TCS6",90
"315",330,"E_tarda_TCS6","E_tarda_TCS6",41
"316",331,"C_rodentium_TCS9","C_rodentium_TCS9",52
"317",332,"E_tarda_TCS7","E_tarda_TCS7",128
"318",333,"C_rodentium_TCS6","C_rodentium_TCS6",64
"319",334,"L_gasseri_TCS1","L_gasseri_TCS1",18
"320",335,"C_rodentium_TCS9","C_rodentium_TCS9",33
"321",336,"K_pneumonia_TCS7","K_pneumonia_TCS7",24
"322",337,"K_pneumonia_TCS3","K_pneumonia_TCS3",32
"323",338,"C_rodentium_TCS6","C_rodentium_TCS6",84
"324",339,"Y_enterocolitica_TCS5","Y_enterocolitica_TCS5",27
"325",340,"C_rodentium_TCS1","C_rodentium_TCS1",25
"326",341,"C_rodentium_TCS6","C_rodentium_TCS6",64
"327",342,"V_cholera_TCS3","V_cholera_TCS3",5
"328",343,"C_rodentium_TCS1","C_rodentium_TCS1",126
"329",344,"C_rodentium_TCS8","C_rodentium_TCS8",7
"330",345,"E_tarda_TCS7","E_tarda_TCS7",30
"331",346,"E_faecalis_TCS2","E_faecalis_TCS2",5
"332",347,"E_tarda_TCS7","E_tarda_TCS7",32
"333",348,"B_frag_TCS2","B_frag_TCS2",18
"334",349,"C_rodentium_TCS10","C_rodentium_TCS10",51
"335",351,"E_tarda_TCS6","E_tarda_TCS6",29
"336",352,"C_rodentium_TCS9","C_rodentium_TCS9",25
"337",353,"pCR16  PCR Product","pCR17 PCR Product",4
"338",354,"B_caccae_TCS5","B_caccae_TCS5",12
"339",355,"C_rodentium_TCS10","C_rodentium_TCS4",38
"340",356,"E_faecalis_TCS2","E_faecalis_TCS2",14
"341",357,"B_frag_TCS2","B_frag_TCS2",27
"342",358,"K_pneumoniae_TCS10","K_pneumoniae_TCS10",61
"343",360,"Y_enterocolitica_TCS3","Y_enterocolitica_TCS3",24
"344",361,"B_caccae_TCS4","B_caccae_TCS4",4
"345",362,"C_rodentium_TCS9","S_enterica_TCS4",13
"346",363,"C_rodentium_TCS6","C_rodentium_TCS6",34
"347",364,"C_rodentium_TCS9","C_rodentium_TCS9",47
"348",365,"B_producta_TCS6","B_producta_TCS6",27
"349",366,"C_rodentium_TCS8","C_rodentium_TCS8",8
"350",367,"E_faecalis_TCS2","E_faecalis_TCS2",15
"351",368,"C_rodentium_TCS9","C_rodentium_TCS9",50
"352",370,"E_faecalis_TCS2","E_faecalis_TCS2",6
"353",371,"K_pneumonia_TCS3","K_pneumonia_TCS3",35
"354",372,"E_tarda_TCS7","E_tarda_TCS7",26
"355",373,"C_rodentium_TCS2","C_rodentium_TCS2",12
"356",374,"B_frag_TCS2","B_frag_TCS2",13
"357",375,"E_faecalis_TCS2","E_faecalis_TCS2",23
"358",376,"K_pneumonia_TCS5","K_pneumonia_TCS5",47
"359",378,"C_rodentium_TCS6","C_rodentium_TCS6",62
"360",382,"pCR21 PCR Product","pCR17 PCR Product",7
"361",383,"K_pneumonia_TCS4","K_pneumonia_TCS4",38
"362",384,"C_rodentium_TCS1","C_rodentium_TCS1",52
"363",386,"C_rodentium_TCS10","pCR17 PCR Product",50
"364",387,"C_rodentium_TCS7","C_rodentium_TCS7",44
"365",388,"B_producta_TCS6","B_producta_TCS6",18
"366",389,"Y_enterocolitica_TCS3","Y_enterocolitica_TCS3",28
"367",390,"K_pneumoniae_TCS10","K_pneumoniae_TCS10",38
"368",391,"E_tarda_TCS5","E_tarda_TCS5",48
"369",392,"K_pneumonia_TCS3","K_pneumonia_TCS3",57
"370",393,"K_pneumoniae_TCS10","K_pneumoniae_TCS10",30
"371",395,"K_pneumonia_TCS3","K_pneumonia_TCS3",50
"372",396,"K_pneumonia_TCS5","K_pneumonia_TCS5",28
"373",397,"K_pneumonia_TCS3","K_pneumonia_TCS3",31
"374",399,"C_rodentium_TCS6","C_rodentium_TCS6",34
"375",400,"L_plantarum_TCS2","L_plantarum_TCS2",7
"376",401,"E_faecalis_TCS3","E_faecalis_TCS3",4
"377",402,"C_rodentium_TCS1","C_rodentium_TCS1",42
"378",403,"C_rodentium_TCS3","C_rodentium_TCS3",54
"379",404,"C_rodentium_TCS8","C_rodentium_TCS8",11
"380",405,"K_pneumoniae_TCS10","K_pneumoniae_TCS10",19
"381",406,"K_pneumonia_TCS8","K_pneumonia_TCS8",41
"382",407,"C_rodentium_TCS10","pCR17 PCR Product",25
"383",408,"L_gasseri_TCS1","L_gasseri_TCS1",9
"384",411,"K_pneumonia_TCS3","K_pneumonia_TCS3",20
"385",412,"E_tarda_TCS6","E_tarda_TCS6",22
"386",413,"C_rodentium_TCS6","C_rodentium_TCS6",66
"387",414,"K_pneumonia_TCS7","K_pneumonia_TCS7",8
"388",415,"B_producta_TCS16","B_producta_TCS16",11
"389",416,"Y_enterocolitica_TCS2","Y_enterocolitica_TCS2",10
"390",418,"K_oxytoca_TCS1","K_oxytoca_TCS1",29
"391",420,"B_producta_TCS6","B_producta_TCS6",14
"392",421,"K_pneumoniae_TCS10","K_pneumoniae_TCS10",72
"393",422,"B_frag_TCS3","B_frag_TCS3",7
"394",423,"V_cholera_TCS4","V_cholera_TCS4",20
"395",424,"pCR15  PCR Product","E_tarda_TCS4",5
"396",425,"B_caccae_TCS5","B_caccae_TCS5",6
"397",426,"C_rodentium_TCS9","C_rodentium_TCS9",26
"398",427,"C_rodentium_TCS8","C_rodentium_TCS8",5
"399",430,"B_producta_TCS6","B_producta_TCS6",26
"400",431,"B_frag_TCS3","B_frag_TCS3",9
"401",433,"C_rodentium_TCS6","C_rodentium_TCS6",23
"402",434,"E_tarda_TCS7","E_tarda_TCS7",31
"403",435,"E_tarda_TCS2","E_tarda_TCS2",9
"404",436,"C_rodentium_TCS10","C_rodentium_TCS10",31
"405",437,"E_tarda_TCS4","E_tarda_TCS4",12
"406",438,"E_tarda_TCS6","E_tarda_TCS6",19
"407",439,"K_pneumoniae_TCS10","K_pneumoniae_TCS10",21
"408",440,"E_tarda_TCS7","E_tarda_TCS7",36
"409",441,"C_rodentium_TCS7","C_rodentium_TCS7",20
"410",442,"E_tarda_TCS7","E_tarda_TCS7",36
"411",443,"K_pneumoniae_TCS10","K_pneumoniae_TCS10",42
"412",444,"L_gasseri_TCS1","L_gasseri_TCS1",8
"413",445,"R_gnavus_TCS5","R_gnavus_TCS5",13
"414",446,"E_faecalis_TCS2","E_faecalis_TCS2",8
"415",447,"B_producta_TCS6","B_producta_TCS6",17
"416",448,"E_faecalis_TCS2","E_faecalis_TCS2",4
"417",451,"V_cholera_TCS4","V_cholera_TCS4",25
"418",452,"C_rodentium_TCS1","C_rodentium_TCS1",18
"419",454,"E_faecalis_TCS2","E_faecalis_TCS2",10
"420",455,"C_rodentium_TCS6","C_rodentium_TCS6",46
"421",456,"C_rodentium_TCS10","C_rodentium_TCS10",25
"422",458,"C_rodentium_TCS2","C_rodentium_TCS2",11
"423",459,"C_rodentium_TCS10","pCR17 PCR Product",13
"424",460,"E_tarda_TCS5","E_tarda_TCS5",17
"425",462,"C_rodentium_TCS6","C_rodentium_TCS6",21
"426",464,"E_tarda_TCS6","E_tarda_TCS6",25
"427",467,"E_tarda_TCS7","E_tarda_TCS7",11
"428",468,"L_gasseri_TCS1","L_gasseri_TCS1",6
"429",470,"C_rodentium_TCS6","C_rodentium_TCS6",34
"430",472,"E_tarda_TCS6","E_tarda_TCS6",16
"431",473,"K_pneumonia_TCS5","K_pneumonia_TCS5",6
"432",474,"K_pneumonia_TCS3","K_pneumonia_TCS3",19
"433",475,"C_rodentium_TCS2","C_rodentium_TCS2",19
"434",477,"C_rodentium_TCS9","C_rodentium_TCS9",23
"435",478,"C_rodentium_TCS2","C_rodentium_TCS2",10
"436",479,"V_cholera_TCS4","V_cholera_TCS4",24
"437",480,"R_gnavus_TCS5","R_gnavus_TCS5",18
"438",481,"B_caccae_TCS5","B_caccae_TCS5",10
"439",482,"C_rodentium_TCS10","S_enterica_TCS3",20
"440",483,"L_gasseri_TCS1","L_gasseri_TCS1",7
"441",484,"L_gasseri_TCS1","L_gasseri_TCS1",7
"442",485,"E_faecalis_TCS2","E_faecalis_TCS2",6
"443",486,"C_rodentium_TCS9","C_rodentium_TCS9",26
"444",487,"K_pneumonia_TCS7","K_pneumonia_TCS7",8
"445",488,"K_pneumonia_TCS3","K_pneumonia_TCS3",58
"446",489,"Y_enterocolitica_TCS1","Y_enterocolitica_TCS1",22
"447",490,"B_producta_TCS13","B_producta_TCS13",7
"448",491,"L_gasseri_TCS1","L_gasseri_TCS1",6
"449",492,"B_theta_TCS2","B_theta_TCS2",12
"450",493,"K_pneumonia_TCS3","K_pneumonia_TCS3",24
"451",494,"C_rodentium_TCS7","C_rodentium_TCS7",33
"452",495,"K_pneumonia_TCS3","K_pneumonia_TCS3",19
"453",496,"B_producta_TCS6","B_producta_TCS6",8
"454",497,"K_pneumonia_TCS3","K_pneumonia_TCS3",40
"455",498,"E_tarda_TCS6","E_tarda_TCS6",44
"456",500,"E_faecalis_TCS3","E_faecalis_TCS3",4
"457",501,"R_gnavus_TCS3","R_gnavus_TCS3",14
"458",503,"C_rodentium_TCS9","C_rodentium_TCS9",9
"459",504,"E_tarda_TCS2","E_tarda_TCS2",14
"460",505,"B_producta_TCS13","B_producta_TCS13",4
"461",506,"C_rodentium_TCS2","C_rodentium_TCS2",20
"462",508,"E_tarda_TCS6","E_tarda_TCS6",24
"463",509,"C_rodentium_TCS10","C_rodentium_TCS10",24
"464",510,"C_rodentium_TCS6","C_rodentium_TCS6",50
"465",511,"K_pneumonia_TCS3","K_pneumonia_TCS3",29
"466",512,"E_tarda_TCS7","E_tarda_TCS7",10
"467",513,"E_tarda_TCS7","E_tarda_TCS7",25
"468",514,"E_tarda_TCS6","E_tarda_TCS6",5
"469",515,"R_gnavus_TCS3","R_gnavus_TCS3",14
"470",517,"C_rodentium_TCS9","C_rodentium_TCS9",28
"471",518,"E_faecalis_TCS2","E_faecalis_TCS2",15
"472",520,"C_rodentium_TCS1","C_rodentium_TCS1",13
"473",521,"E_tarda_TCS4","E_tarda_TCS4",4
"474",522,"E_tarda_TCS6","E_tarda_TCS6",24
"475",524,"E_tarda_TCS7","E_tarda_TCS7",9
"476",525,"Y_enterocolitica_TCS5","Y_enterocolitica_TCS5",17
"477",526,"B_producta_TCS12","B_producta_TCS12",7
"478",527,"K_pneumonia_TCS5","K_pneumonia_TCS5",21
"479",528,"B_theta_TCS2","B_theta_TCS2",9
"480",530,"K_pneumoniae_TCS10","K_pneumoniae_TCS10",23
"481",531,"L_gasseri_TCS1","L_gasseri_TCS1",6
"482",532,"C_rodentium_TCS8","C_rodentium_TCS8",10
"483",533,"C_rodentium_TCS6","C_rodentium_TCS6",17
"484",534,"E_tarda_TCS6","E_tarda_TCS6",11
"485",535,"E_tarda_TCS5","E_tarda_TCS5",17
"486",539,"C_rodentium_TCS7","C_rodentium_TCS7",41
"487",540,"C_rodentium_TCS2","C_rodentium_TCS2",9
"488",541,"L_plantarum_TCS2","L_plantarum_TCS2",5
"489",542,"C_rodentium_TCS10","C_rodentium_TCS10",15
"490",543,"E_tarda_TCS7","C_rodentium_TCS7",4
"491",544,"K_pneumonia_TCS5","K_pneumonia_TCS5",11
"492",545,"E_tarda_TCS5","E_tarda_TCS5",12
"493",548,"C_rodentium_TCS10","C_rodentium_TCS10",21
"494",549,"V_cholera_TCS4","V_cholera_TCS4",8
"495",550,"L_plantarum_TCS2","L_plantarum_TCS2",10
"496",552,"K_pneumonia_TCS3","K_pneumonia_TCS3",9
"497",553,"C_rodentium_TCS7","C_rodentium_TCS7",20
"498",556,"B_producta_TCS12","B_producta_TCS12",4
"499",558,"K_pneumonia_TCS3","K_pneumonia_TCS3",15
"500",559,"B_producta_TCS6","B_producta_TCS6",8
"501",561,"B_frag_TCS3","B_frag_TCS2",4
"502",562,"B_producta_TCS6","B_producta_TCS6",6
"503",563,"Y_enterocolitica_TCS1","Y_enterocolitica_TCS1",14
"504",565,"R_gnavus_TCS5","R_gnavus_TCS5",11
"505",566,"Y_enterocolitica_TCS2","Y_enterocolitica_TCS2",8
"506",567,"B_producta_TCS6","B_producta_TCS6",6
"507",569,"E_tarda_TCS7","E_tarda_TCS7",37
"508",570,"B_producta_TCS13","B_producta_TCS13",8
"509",571,"E_faecalis_TCS2","E_faecalis_TCS2",4
"510",575,"K_pneumonia_TCS8","K_pneumonia_TCS8",9
"511",577,"V_cholera_TCS2","V_cholera_TCS2",10
"512",579,"L_gasseri_TCS1","L_gasseri_TCS1",5
"513",583,"E_tarda_TCS6","E_tarda_TCS6",8
"514",585,"C_rodentium_TCS6","C_rodentium_TCS6",21
"515",586,"K_pneumoniae_TCS10","K_pneumoniae_TCS10",20
"516",588,"C_rodentium_TCS2","C_rodentium_TCS2",6
"517",589,"K_pneumoniae_TCS10","K_pneumoniae_TCS10",25
"518",590,"L_gasseri_TCS1","L_gasseri_TCS1",6
"519",591,"E_tarda_TCS6","E_tarda_TCS6",5
"520",592,"B_producta_TCS13","B_producta_TCS13",4
"521",595,"C_rodentium_TCS10","S_enterica_TCS3",11
"522",596,"C_rodentium_TCS10","C_rodentium_TCS10",7
"523",598,"K_pneumonia_TCS3","K_pneumonia_TCS3",30
"524",603,"C_rodentium_TCS2","C_rodentium_TCS2",17
"525",605,"E_tarda_TCS6","E_tarda_TCS6",14
"526",607,"E_faecalis_TCS3","E_faecalis_TCS3",4
"527",609,"E_tarda_TCS6","E_tarda_TCS6",11
"528",610,"E_tarda_TCS6","E_tarda_TCS6",8
"529",611,"C_rodentium_TCS8","C_rodentium_TCS8",7
"530",613,"C_rodentium_TCS2","C_rodentium_TCS2",10
"531",614,"Y_enterocolitica_TCS5","Y_enterocolitica_TCS5",9
"532",616,"C_rodentium_TCS6","C_rodentium_TCS6",9
"533",617,"C_rodentium_TCS6","C_rodentium_TCS6",14
"534",618,"C_rodentium_TCS6","C_rodentium_TCS6",6
"535",620,"E_tarda_TCS6","E_tarda_TCS6",5
"536",621,"C_rodentium_TCS1","C_rodentium_TCS1",7
"537",623,"K_pneumonia_TCS3","K_pneumonia_TCS3",8
"538",624,"V_cholera_TCS4","V_cholera_TCS4",12
"539",625,"L_plantarum_TCS2","L_plantarum_TCS2",5
"540",628,"K_pneumoniae_TCS10","K_pneumoniae_TCS10",13
"541",629,"E_faecalis_TCS2","E_faecalis_TCS2",6
"542",630,"C_rodentium_TCS2","C_rodentium_TCS2",5
"543",633,"V_cholera_TCS2","V_cholera_TCS2",6
"544",635,"E_tarda_TCS6","E_tarda_TCS6",14
"545",642,"C_rodentium_TCS6","C_rodentium_TCS6",21
"546",643,"C_rodentium_TCS9","C_rodentium_TCS9",6
"547",645,"E_faecalis_TCS2","E_faecalis_TCS2",5
"548",647,"C_rodentium_TCS10","C_rodentium_TCS10",7
"549",664,"K_pneumonia_TCS5","K_pneumonia_TCS5",9
"550",665,"C_rodentium_TCS9","C_rodentium_TCS9",10
"551",667,"C_rodentium_TCS8","C_rodentium_TCS8",9
"552",668,"R_gnavus_TCS5","R_gnavus_TCS5",5
"553",674,"R_gnavus_TCS5","R_gnavus_TCS5",6
"554",675,"K_pneumonia_TCS5","K_pneumonia_TCS5",4
"555",676,"B_frag_TCS6","B_frag_TCS6",5
"556",680,"E_tarda_TCS6","E_tarda_TCS6",6
"557",683,"B_frag_TCS6","B_frag_TCS6",5
"558",684,"E_tarda_TCS4","E_tarda_TCS4",5
"559",685,"B_frag_TCS6","B_frag_TCS6",4
"560",688,"R_gnavus_TCS5","R_gnavus_TCS5",6
"561",691,"C_rodentium_TCS10","C_rodentium_TCS10",6
"562",692,"B_frag_TCS2","B_frag_TCS2",5
"563",693,"C_rodentium_TCS10","C_rodentium_TCS10",5
"564",696,"C_rodentium_TCS2","C_rodentium_TCS2",4
"565",697,"L_plantarum_TCS2","L_plantarum_TCS2",5
"566",698,"E_tarda_TCS6","E_tarda_TCS6",139
"567",704,"B_producta_TCS6","B_producta_TCS6",5
"568",708,"B_caccae_TCS5","B_caccae_TCS5",4
"569",711,"Y_enterocolitica_TCS3","Y_enterocolitica_TCS3",4
"570",713,"E_tarda_TCS6","E_tarda_TCS6",6
"571",714,"B_frag_TCS6","B_frag_TCS6",4
"572",722,"E_tarda_TCS6","E_tarda_TCS6",5
"573",723,"C_rodentium_TCS10","K_pneumoniae_TCS10",4
"574",728,"E_tarda_TCS6","E_tarda_TCS6",4
"575",731,"E_tarda_TCS6","E_tarda_TCS6",5
"576",734,"C_rodentium_TCS10","C_rodentium_TCS10",4
"577",739,"E_tarda_TCS5","E_tarda_TCS5",4
"578",742,"C_rodentium_TCS6","C_rodentium_TCS6",4
"579",745,"C_diff_TCS5","C_diff_TCS5",4
"580",766,"K_pneumonia_TCS3","K_pneumonia_TCS3",270
"581",767,"B_theta_TCS2","B_theta_TCS2",67
"582",770,"C_rodentium_TCS6","C_rodentium_TCS6",13
"583",775,"pCR16  PCR Product","pCR16  PCR Product",4457
"584",782,"K_pneumonia_TCS4","K_pneumonia_TCS4",29
"585",786,"K_pneumonia_TCS3","K_pneumonia_TCS3",5
"586",791,"C_rodentium_TCS10","C_rodentium_TCS10",115
"587",798,"C_rodentium_TCS9","pCR17 PCR Product",46
"588",807,"V_cholera_TCS3","V_cholera_TCS3",12
"589",813,"E_tarda_TCS7","E_tarda_TCS7",4
"590",827,"R_gnavus_TCS5","R_gnavus_TCS5",33
"591",845,"K_pneumonia_TCS3","K_pneumonia_TCS3",1008
"592",846,"L_gasseri_TCS1","L_gasseri_TCS1",9
"593",847,"B_frag_TCS3","B_frag_TCS3",8
"594",849,"K_pneumonia_TCS7","K_pneumonia_TCS7",65
"595",850,"E_tarda_TCS7","E_tarda_TCS7",64
"596",851,"B_frag_TCS3","B_frag_TCS3",231
