,,data,id,gene_id,component_id,signal_domains_version,ranks,counts,inputs,outputs,ComponentId,GeneId,Component,stable_id,dseq_id,aseq_id,accession,version,locus,old_locus,location,strand,start,stop,length,names,pseudo,notes,product,codon_start,translation_table,qualifiers,cds_location,cds_qualifiers,AseqId,DseqId,sequence
0,0,{},417535852,417535852.0,11541976,1.0,"['tcp', 'hk']","{'HK_CA': 1, 'MASE1': 1}",['MASE1'],[],11541976,417535852.0,"{'name': 'ANONYMOUS', 'version': 'NC_013716.1', 'definition': 'Citrobacter rodentium ICC168, complete genome.'}",GCF_000027085.1-ROD_RS02065,20cVY0cPN1DWE8akYO1SvA,Rbr0qjcg_RlgqJG8DIXoWQ,WP_012904766,WP_012904766.1,ROD_RS02065,ROD_04081,complement(458754..460301),-,458754,460301,1548,,False,,sensor histidine kinase,1.0,11.0,{},complement(458754..460301),{'inference': 'COORDINATES: similar to AA sequence:RefSeq:WP_014837550.1'},Rbr0qjcg_RlgqJG8DIXoWQ,20cVY0cPN1DWE8akYO1SvA,ATGTCGCATCCGCTTCGTTATGTCGTGATCTCGCTGTTTATCGTACTGGCCTGGGGAACCGGCTGGCTGATGCTGTGGACGCTCGGCTTTTATCTGACCCATAACGGCCAGCAGGCGGCGCTGTTCCTGCCGCACGGCGTCTATCTGGCGCTGCTGATCCTGCTTGCGCGCCGCTACTGGCCGGCGCTGGTGCTGCCGCCAATGCTGATGCTGCTCTGGCTGCGCAGCGAACAGCTGCTGAGCGGCGATCTCCTCGTCCTGCTGGCTGCGCCGCTGGTCAGCCTGCTTCCCGCCAGCATAGCGCAACGCTTCTGGCAGCGCTTTCCTCTGTACTGGCAGCGGCTGACGCTGCTGCTGACAGCGGTCACCGTCGCGTCACTGCTCAATACCGCCCTGCTTTCACCGCTGCTGAAAAGCCCGGCGATGCTGTCCGGCCTGGCCTCATTCACCGGCGGCGTACTGCTGACGCCGTTCGTCTATCTGATTTTCGAATTTCTGCGCCAGCAGCACCGTTATCAGCTGCTGGCGCAGGATACCCAAAACCCGCCGCTGCGCACCTCGCTCATCATCTGGTGCAGCCTGTTTTTTATCATCGGTATCGGCACCCAGCTGACGCTGTCGCCGGAGCTTGAACGCCTGTTACTGATCGTGGTTTTTCTGCCCAACGTGGTAATGGCGTGGAAATTCGGCTGGCAGGGCGGCGTGCTCGCAGGCCTGCTCGGCAGCATGATGATCACCATCGCCCGCCAGGTCGGCGTCGGGTTCAGTAATCTGATCGAACTGGAAATTTTCCTCGCCACCCAGGCGCTGCTGGGCATGGGTCTGGGAATTGCCATCAGCCGCCAGCAGCACCTGGCGCAAAACCTGCACCACTATCGCCAACGGCTGGAAGCGGAACTGGCGGCGCGGCGGGCGCTGACCGAAAAGCTGATCCACAGCGAAGAGGATACGCGAAAGAGTCTGGCGCGCGAGCTGCACGATGAAATCGGCCAGAATATTACCGCCATTCAGATCCAGACGCAGCTGGTGAAGCGGGCGCGCGATCCGGCGCAAACCCAGGCCGCCGCCAGTCAAATCAACGATCTTGCCCGCCGCATCCACCACTCCACCCGCCAGCTGCTGCGTCAGCTTCGTCCGCCTGCGCTGGACGAACTGTCGTTTAACGAAGCGCTGCATCACTTGCTCAATGAATTTGCCTTTGCTGAGCGCGGCATCCGCTGCCGGTTTGACTATCGGCTGACCGCCACGCCGGAAAGCGAAACGGTGCGCTTTACGCTCTATCGCCTGCTTCAGGAGTTACTCAATAACGTCTGTAAACACGCCGAAGCCAGCGAGGTCGCCATTCTCCTGTGCCAGCAGGGAGAACGGCTGCGCCTGGAAGTGCAGGATAACGGCACAGGCATCGGCGATGGACAACTTCCCGGCTTCGGCATTCAGGGAATGCGCGAGCGCGTCAGCGCGCTTGGCGGCGAACTGTCGCTGGAGTCGCGGCACGGCACGCGGGTAATTGTTAACTTGCCCACAAATTTGCAACAAACCCACGGCTAA
0,1,{},417535853,417535853.0,11541976,1.0,"['tcp', 'rr']","{'RR': 1, 'GerE': 1}",[],['GerE'],11541976,417535853.0,"{'name': 'ANONYMOUS', 'version': 'NC_013716.1', 'definition': 'Citrobacter rodentium ICC168, complete genome.'}",GCF_000027085.1-ROD_RS02070,AeqaTaSBSm4XQIL6_7_ixg,Zr9ZMK60-qk9YikC1KV2pQ,WP_012904767,WP_012904767.1,ROD_RS02070,ROD_04091,complement(460301..460930),-,460301,460930,630,,False,,DNA-binding response regulator,1.0,11.0,{},complement(460301..460930),{'inference': 'COORDINATES: similar to AA sequence:RefSeq:WP_000621909.1'},Zr9ZMK60-qk9YikC1KV2pQ,AeqaTaSBSm4XQIL6_7_ixg,ATGATACGTGTGGTGCTGGTGGACGACCATGTGGTGGTGCGTTCCGGCTTTGCGCAATTACTCAGTCTCGAAGAGGACCTTGAGGTCGCGGGCCAGTTCAGCCGCGCGGCGGACGCGTGGCCTGCGCTGTTGCGCGACGACGTTAGCGTGGCGGTGATGGATATCGCCATGCCGGATGAGAACGGCCTGAGCCTGCTGAAGCGCCTGCGGGCGCAGAAGCCGCAGTTTCGCGCCATTATTCTCAGCATCTATGATTCGCCCACCTTTGTACAAAGCGCGCTGACCGCCGGGGCCAGCGGCTACCTGACCAAGCGCTGCGGGCCGGAGGAGCTGGTGCAGGCGGTACGCTCCGTCGGCCTGGGGGGACATTATCTCTGCGCCGACGCGCTGCGGGCGTTGCGTGGCGGAGAGCAACTGCCGCCGGAGCTGGAAGCGCTTACTCCGCGAGAGCGTGAAGTGTTTAATCTGCTGGTCAAAGGCGACAGCGTTAAGGAGATCGCCTTTAAGCTCGACCTCAGCCATAAAACGGTCCATGTGTATCGCGCCAACGTGCTTGGCAAACTGAACTGCCACAGCACCATCGAGCTGGTGCATTTCGCCCTCGACCATAAGCTGCTGGTGGGGCATTAA
0,2,,417535854,,11541976,,,,,,11541976,,,GCF_000027085.1-ROD_RS02075,Y-lm--6xRAur2YcPtLQpxw,IH-5ODKrzEPGW4dql9um9w,WP_012904768,WP_012904768.1,ROD_RS02075,ROD_04101,461184..462146,+,461184,462146,963,,False,,taurine ABC transporter substrate-binding protein,1.0,11.0,{},461184..462146,{'inference': 'COORDINATES: similar to AA sequence:RefSeq:WP_001460532.1'},IH-5ODKrzEPGW4dql9um9w,Y-lm--6xRAur2YcPtLQpxw,ATGGCACTTTCATCGCGTAATACACTTCTTGCCGCGCTGGCGTTTATCGCCTTTCAGGCGCAGGCGGTTAACGTCACCGTCGCGTATCAGACCTCCGCCGAACCGGCCAAGGTCGCCCAGGCGGATAACACCTTTGAGAAAGCGAGCGGGGCGACCGTGGCGTGGCGTAAATTCGACAGCGGCGCGAGCATCGTGCGCGCGCTGGCCTCCGGCGACGTGCAGATTGGCAATCTCGGCTCCAGCCCGCTGGCGGTCGCCGCCAGCCAGCAGGTGCCGATTGAAGTTTTCCTGCTCGCCTCAAAACTCGGTAATTCTGAAGCGCTGGTGGTGAAGAAAACGATCGGCAAACCGCAGGATCTGATCGGCAAGCGCATCGCGGTGCCGTTTATCTCCACCACCCACTACAGCCTGCTGGCGGCGCTGAAACACTGGGGGATCAAGCCCGGCCAGCTGGAGATTATCAACCTGCAGCCGCCGGCGATTATTGCCGCCTGGCAGCGCGGAGATATCGACGGCGCGTACGTCTGGGCGCCGGCGGTGAACGCGCTGGAAAAAGAGGGCAGGGTATTGACCGATTTGGCGATGGTCGGGGAGTGGGGCTCGCCGACGCTTGACGTCTGGGTGGTGCGTAAAGACTTCGCTGAACAGCATCCGGAGGTGGTGAAGGCCTTCGCCAAAAGCGCCCTTGACGCCCAGCAGTCTTACATCGCTAACCCCGACGACTGGCTGAAACAGCCGGAAAACATCAGCAAACTGTCGCGCTTAAGCGGCGTACCGGAAGCCGATGTCCCCGGACTGGTGAAAGGCAATACCTATCTCACGCCGCAGCAGCAGACCGCCGAGCTGAACGGGCCGGTGAATAAAGCGATTATCGATACCGCGCAATTTCTGAAAGAGCAGGGCAAAGTGCCCGCGGTGGCGAGCGACTACAGCCAGTACGTTACCGACCGCTTCGTGCAGTAA
1,0,{},417535885,417535885.0,11541976,1.0,"['tcp', 'rr']","{'RR': 1, 'Trans_reg_C': 1}",[],['Trans_reg_C'],11541976,417535885.0,"{'name': 'ANONYMOUS', 'version': 'NC_013716.1', 'definition': 'Citrobacter rodentium ICC168, complete genome.'}",GCF_000027085.1-ROD_RS02230,oEldIuMCNX3rlMiwa6rqLg,_JTGcbOoTzP2tXNfNqV0kQ,WP_012904798,WP_012904798.1,ROD_RS02230,ROD_04431,494580..495269,+,494580,495269,690,,False,,phosphate regulon transcriptional regulatory protein PhoB,1.0,11.0,{},494580..495269,{'inference': 'COORDINATES: similar to AA sequence:RefSeq:WP_002208685.1'},_JTGcbOoTzP2tXNfNqV0kQ,oEldIuMCNX3rlMiwa6rqLg,ATGGCGAGACGTATTCTGGTCGTAGAGGATGAAGCTGCAATTCGCGAAATGGTCTGCTTCGTGCTCGAGCAAAATGGCTTTCAGCCTGTCGAAGCCGAAGATTATGACACTGCGGTGAACCAACTTAATGAACCCTGGCCGGATCTGATCCTCCTCGACTGGATGTTGCCCGGCGGTTCTGGTCTACAGTTTATTAAACATCTGAAGCGTGAAGCGATGACCCGCGATATTCCGGTGGTGATGCTTACCGCCAGAGGCGAAGAAGAGGATCGCGTTCGCGGTCTGGAAACCGGCGCGGACGACTATATTACCAAACCCTTCTCCCCGAAAGAGCTGGTGGCGCGCATTAAGGCCGTGATGCGCCGCATTTCACCGATGGCGGTGGAAGAGGTGATTGAGATGCAGGGGCTGAGCCTGGACCCGACTTCGCATCGCGTGATGACCGGCGACAACCCGCTCGACATGGGACCGACCGAATTTAAACTGCTGCACTTCTTTATGACGCATCCGGAGCGCGTTTACAGCCGTGAACAGCTGCTGAACCACGTCTGGGGCACCAACGTCTACGTTGAGGATCGCACGGTCGATGTGCATATTCGCCGTCTGCGCAAAGCGCTGGAAACCAGCGGTCACGATCGTATGGTTCAGACGGTGCGTGGTACGGGGTATCGTTTTTCGACCCGCTTCTGA
1,1,{},417535886,417535886.0,11541976,1.0,"['tcp', 'hk']","{'PAS': 1, 'HK_CA': 1, 'DUF3329': 1}","['DUF3329', 'PAS']",[],11541976,417535886.0,"{'name': 'ANONYMOUS', 'version': 'NC_013716.1', 'definition': 'Citrobacter rodentium ICC168, complete genome.'}",GCF_000027085.1-ROD_RS02235,1ikyCjzTsib1wTzPC_lqcA,_rI4eByFBLFesyRsYOj_pw,WP_012904799,WP_012904799.1,ROD_RS02235,ROD_04441,495321..496628,+,495321,496628,1308,['phoR'],False,,two-component system sensor histidine kinase PhoR,1.0,11.0,{},495321..496628,{'inference': 'COORDINATES: similar to AA sequence:RefSeq:WP_012904799.1'},_rI4eByFBLFesyRsYOj_pw,1ikyCjzTsib1wTzPC_lqcA,GTGCTGGAAAGATTGTCATGGAAGAGGCTGGTGCTGGAACTGATCCTGTGTTGTATCCCGGCCTTTATCCTCAGCGCTTTTTTCGGTTACCTGCCGTGGTTTTTGCTGGCATCGGTAACGGGACTGCTTATCTGGCATTTCTGGAATTTATTACGCCTGTCCTGGTGGCTGTGGGTCGACAGAAGCATGACGCCGCCGCCGGGACGCGGAAGCTGGGAGCCGCTGTTGTACGGGTTGCATCAGATGCAGCTGCGCAACAAAAAGCGTCGGCGCGAGCTGGGCAATTTGATCAAACGCTTTCGCAGCGGAGCCGAATCGCTGCCGGACGCGGTGGTGCTGACCACCGAAGAGGGCGGCATTTTCTGGTGTAACGGCCTGGCGCAACAGCTGCTGGGCTTACGCTGGCCGGACGATAACGGGCAGAACATCCTCAACCTGCTGCGCTATCCGGAGTTTACCCAGTATCTGAAAACCCGCGATTTCAGCCGACCGTTAAATCTGGTGCTCAATACCGGGCGGCATCTGGAGATTCGCGTGATGCCCTACACCGACAAGCAGCTGCTGATGGTTGCCCGCGACGTGACCCAGATGCACCAGCTTGAGGGGGCAAGACGTAACTTCTTCGCCAACGTCAGCCACGAGCTGCGCACTCCGCTTACCGTGTTGCAGGGCTATCTTGAAATGATGCACGAGCAGCCGCTGGAAGGGAGCACGCGTGAGAAAGCGCTATTGACGATGCGGGAGCAGACTTTCCGTATGGAGGGGCTGGTGAAGCAGTTGCTGACCCTGTCGAAGATAGAAGCCTCGCCGGTATTGCTGCTTAATGAACAGGTCGATGTGCCGATGATGCTGCACATGGTGGAGCGCGAAGCGCAGACGCTCAGCCAGCAAAAGCACACCTTCAGCTTTGACATCGATAATCAGCTGAAAGTCCTGGGTAACGAAGAGCAGTTGCGTAGCGCCATTTCAAACCTGGTGTATAACGCCGTCAACCATACGCCTGAAGGCACCCATATCACCGTGTGCTGGCGCGCGGTGCCGCACGGCGCGGAATTCAGCATTGAGGATAACGGGCCGGGGATTGCGGCGGAGCATCTTCCGCGGCTGACCGAACGTTTTTATCGCGTCGATAAAGCGCGCTCAAGACAAACCGGCGGCAGCGGGCTGGGGCTGGCAATCGTCAAACATGCGCTGAATCATCATGAAAGTCGCTTAACCATCGACAGCGAACCGGGGAAAGGCACGCGCTTCAGCTTTGTGCTGCCGGAACGTTTAATTGCCAGAAAACCACCTGACAGGCGATTGTAA
1,2,,417535884,,11541976,,,,,,11541976,,,GCF_000027085.1-ROD_RS02225,VBl0ISisuPHgFoYp5DYHzQ,E5zYq4qJ9Tzou1ALV5E0cg,WP_012904797,WP_012904797.1,ROD_RS02225,ROD_04421,complement(493188..494390),-,493188,494390,1203,,False,,exonuclease subunit SbcD,1.0,11.0,{},complement(493188..494390),{'inference': 'COORDINATES: similar to AA sequence:RefSeq:WP_012904797.1'},E5zYq4qJ9Tzou1ALV5E0cg,VBl0ISisuPHgFoYp5DYHzQ,ATGCGCCTCCTGCACACCTCTGACTGGCATCTGGGACAAAATTTTTACAGCAAAAGCCGCGCCGCGGAACATCAGGCCTTTCTCGACTGGCTGCTGAGCACGGCGACAGAACAGCAGGTGGACGCCATTATTGTCGCAGGCGACATTTTCGACACCGGTTCGCCGCCAAGCTACGCCCGCGAACTGTATAACCGGTTTGTCGTCAGGCTACAGCAAACGGGCTGCCATCTGGTGGTGCTGGCGGGCAATCATGACTCTGTCGCCACGCTCAACGAGTCCCGCGAGATTCTGGCGTTTCTGAATACCACCGTTGTCGCCAGCGCCGGTTGCGCGCCGCACATCCTGCATCGACGCGACGGCACGCCGGGCGCGGTACTGTGCCCGATACCGTTTTTACGCCCGCGTGACATTGTGACCAGTCAGGCGGGGCTAAGCGGCCAGGAAAAGCAGCAGCACCTGCTGAGCGCGATAACCGACTACTATCAGCAGCAGTATCATGAAGCCTGCGCGCTGCGCGGCGAACGCGCGCTGCCGATTATCGCCACCGGCCACCTGACCACCGTGGGCGCGAGTAAAAGCGACGCCGTACGCGACATTTACATCGGGACGCTGGATGCCTTTCCTGCGCAAAATTTCCCGCCTGCCGATTATATCGCCCTGGGCCATATCCACCGGGCGCAGAAAATTGGCGGCACAGAACATATCCGTTATTGCGGTTCCCCCATCGCCCTGAGCTTTGACGAGTGCGGTAAAAGCAAGTGCGTGCATCTGGTGAGCTTTGAAAACGGCAGGCTGATGAGCGTCGAAAGTCTCACCGTACCAATAACCCAGCCGCTGGCGGTGCTGAAAGGCGATCTTGCCGCTATTAGCGAACAGCTTGAGCAGTGGCGGGACAGCAGGCAGTCGCCGCCGGTCTGGCTGGATATCGAAATCACCACCGACGAGTATCTCCACGATATACAGCGCAAAATCCAGGCCCTGACCGAAACGCTGCCCGTCGAGGTGCTGTTGGTGCGCCGCAGCCGGGAGCAGCGCGAGAGCATGTTAAGCAGCGAACGACGTGAGACGCTGAGCGAACTGAGCGTCGACGAAGTCTTTGAACGCCGCCTGGCGCAGGTGGAGCTGGCAGAACCCCAGCGCCAGCGGCTGACCGCGCTGTTTCATACCACCGTACAGGCGCTCGCCGGGGAGGATGTCGCATGA
2,0,{},417536081,417536081.0,11541976,1.0,"['tcp', 'hk']","{'PAS': 1, 'HK_CA': 1, 'SPOB_a': 1}",['PAS'],[],11541976,417536081.0,"{'name': 'ANONYMOUS', 'version': 'NC_013716.1', 'definition': 'Citrobacter rodentium ICC168, complete genome.'}",GCF_000027085.1-ROD_RS03180,hiPiIyOC5tqwgo8HXvPa1g,lL53rebbKJ2ayYtiEqGQNg,WP_012904972,WP_012904972.1,ROD_RS03180,ROD_06341,695978..697639,+,695978,697639,1662,['dpiB'],False,,GHKL domain-containing protein,1.0,11.0,{},695978..697639,"{'EC_number': '2.7.13.3', 'inference': 'COORDINATES: similar to AA sequence:RefSeq:NP_459617.1'}",lL53rebbKJ2ayYtiEqGQNg,hiPiIyOC5tqwgo8HXvPa1g,ATGTTGGTTCAAAAAAATAAAAAACCTTTTTCTTTTTTTCGCCAGTTAGCATTTCCGCTGCGTATTTTTTTGCTCATTCTTGCTTTTTCAGTGCTGATCATTGCCGCGCTGGCGCAATATTTCTCCGCCAGCTTTGAGGATTATTTGAGTTTGCACGTTCGCGATATGGCAATGAATCAGGCCAAGATCATTGCCGCTAACGACAGCATTATTGCGGCCGTGAAGCAGCGCGATTATAAACGGCTGGCGACCATTGCCGATAAACTGCAGAGCGATACCGATTTCGATTATGTGGTGATCGGCGACAAAAACTCTATCCGCCTCTACCACCCTAATCCGGAGAAGATCGGTTACCCGATGCAGTTCACCCGGCCTGGCGCGCTGGAGCGCGGTGAAAGTTACTTCATTACCGGCAAGGGATCGATCGGGATGGCGATGCGCGCTAAAACGCCAATCTTCGACGATGAAGGCCAGGTTATTGGCGTGGTATCGATAGGCTATCTGGTCAGCAAAATTGACAGCTGGCGGCTGGACTTTATTTTGCCGATGGCCGGCGTGTTTGTGCTGCTGCTGGTGGTGCTGATGCTGCTGTCATGGTTCTTTGCCGCGCACATCCGCCGCCAGATGATGGGGATGGAACCGAAGCAGATCGCCCGGGTCGTGCGCCAGCAGGAGGCGCTGTTCAGCTCGGTTTATGAAGGGCTTATTGCCGTCGATCCGGAAGGATTTATTACCGCCATTAATCGCAGCGCGAGAAAAATGCTTGGCCTGCGCTCGCCCGGCCGGCAATGGCTGGGAAAACGCATTGCGGAGGTGGTGTCGCCTTCCGATTTCTTTACCGACCGGATTGCCGAAAAGCGCGTGGATGTGATGATGAATTTCAACGGGCTGAGCGTGATTGCCAACCGTGAAGCTATCCGTTCCGGAGAGGAGTTGCTGGGGGCGATCATCAGCTTTCGCAGTAAAGATGAGATCGCCACCCTGAACGCGCAGCTCACGCAGATTAAGCAATATGTGGAGAGTCTCAGAACGTTACGCCATGAACATCTAAACTGGATGTCAACGCTGAATGGCCTGCTGCAAATGAAAGAGTACGATCGGGTCAGGGAGATGGTGCAGGGCGAGTCGCAGGCGCAGCAGCAGCTTATCGATAGCTTACGCGATGCCTTTGCCGATCGTCAGGTGGCGGGGCTGCTGTTCGGCAAGGTTCAGCGCGCGCGCGAGCTGGGGCTGAAAATGGAGATCGTTCCCGGCAGTCAGCTGCATCAACTGCCGGAAGGGCTGGACAGCACCGAGTTTGCCGCCATCGTCGGCAATCTGCTCGACAACGCGTTTGAGGCGAGCTTACGCACCGCAGAAGGCAATAAAGTCGTGGAGCTGTATCTGAGCGATGAGGGCGATGATGTGGTGATCGAGGTCGCCGATCAGGGATGCGGCGTACCGGAGGCGCTACGCGACAAAATATTCGAGCAGGGCGTCAGCACCCGTTCCGACGAGCCGGGCGAGCATGGCATTGGGCTGTATCTGATTGCCAGTTATGTGGGGCGCTGCGGCGGGATGATTACTCTGGAAGATAATTTCCCCTGCGGCACCTTATTTTCTCTCTTTATTCCGAAAGTGAAAAAAAACAATGACGGAACCACTAACCCTGTTAATCGTTGA
2,1,{},417536082,417536082.0,11541976,1.0,"['tcp', 'rr']",{'RR': 1},[],[],11541976,417536082.0,"{'name': 'ANONYMOUS', 'version': 'NC_013716.1', 'definition': 'Citrobacter rodentium ICC168, complete genome.'}",GCF_000027085.1-ROD_RS03185,O8_EZ11L_6r5RaXzzLshQg,VOQdKyFeg60kPEuTzUqIAA,WP_012904973,WP_012904973.1,ROD_RS03185,ROD_06351,697608..698285,+,697608,698285,678,['dpiA'],False,,response regulator,1.0,11.0,{},697608..698285,{'inference': 'COORDINATES: similar to AA sequence:RefSeq:NP_455203.1'},VOQdKyFeg60kPEuTzUqIAA,O8_EZ11L_6r5RaXzzLshQg,ATGACGGAACCACTAACCCTGTTAATCGTTGAGGATGAAATGCTGCTTGCGGAGATGCACGCAGAGTACATCCGCCATATTCCCGGCTTTAACCAGATCTGGCTGGCCGGTAACCTGGCGCAGGCGAGAATGATGATCCGACGGTTTAAGCCGGGACTGATATTGCTGGATAACTACCTGCCTGACGGGAAGGGGATTACGCTGTTGCATGAGTTGAGGGAGACACATTATCCCGGCGGGGTGGTGTTTACGACTGCCGCAAGCGACATGGAGACGGTATCAGAGGCCGTGCGTAGCGGGGCGTTTGACTATCTGATTAAACCCATCGCCTACGAGCGGCTTGGTCAGACGCTGACGCGTTATCAACAGCGTAAACGGATGCTGGAAGGTAACGACAGCGCGAGTCAGCGACAAATTGATGAGATGTTTAACGCTTACGCCAGAGGCGAGCCGAAAGATGAACTGCCGACCGGAATTGATGCCCTGACGCTGAACGCGGTGAAAAAACTGTTTGCCGACCCGCAGGTGCATCATACTGCCGAAACCGTCTCTCAGGCGCTGACCATCAGCCGCACCACCGCCAGACGGTATCTGGAATACTGCGCCAGTCGGCACCTGATCACTGCGGAAATTGTGCATGGGAAGGTGGGAAGGCCGCAGCGCATTTATCGCGGGTGA
2,2,,417536080,,11541976,,,,,,11541976,,,GCF_000027085.1-ROD_RS03175,hJ71lImBxKwTQpHiz016aA,NCE1UKAPWEF2TdC6tHczNQ,WP_012904971,WP_012904971.1,ROD_RS03175,ROD_06331,complement(694512..695588),-,694512,695588,1077,,False,,[citrate (pro-3S)-lyase] ligase,1.0,11.0,{},complement(694512..695588),"{'EC_number': '6.2.1.22', 'inference': 'COORDINATES: similar to AA sequence:RefSeq:NP_459616.1'}",NCE1UKAPWEF2TdC6tHczNQ,hJ71lImBxKwTQpHiz016aA,ATGTTTAGTAATAATGTGTTTACGCGAGTCAAACGCTCAGAAAATATAAAAATGGCGGAGATCGCGCAATTCCTGAAAGAGAATGATTTGAGCGTAGACACCACCGTGGAAGTGTTTATTACGGTAACGCGCGATGACCGTCTTATCGCCTGCGGCGGCATTGCCGGAAATATCATTAAGTGCGTGGCCATCTGCGAGTCGGTGCGCGGCGAAGGGTTAGCGCTCACGCTGGCGACGGAATTAATCAACCTCGCCTATGAAAGACACTGCACGCACCTTTTTATCTACACCAAAACGGAATATGAAGCGCTGTTCAGACAGTGCGGCTTCTCAACGCTGGCAACGGTTCCCGACATTATGGTGCTGATGGAAAACAGCACCACGCGGCTGAAACGCTACGCGGAATCGCTCGGCAAACAGCGCCATGACGGGAAAAAAATCGGCAGCATCGTCATGAACGCTAACCCGTTCACCAACGGCCATCGCTATCTGATTCAGCAGGCGGCGGCGCAGTGCGACTGGCTGCATCTGTTCCTGGTTAAAGAAGACACCTCGCGCTTTCCCTATGTGGACCGCCTCGATCTGGTGCTGAAAGGCACGGCGGATATCCCGCGCCTCACCGTGCATCCCGGTTCCGAATACATCATCTCGCGCGCCACGTTCCCGTGCTATTTCATCAAAGAGCAGAGCGTGATTAACCACTGCTATACCGAAATCGACCTGAAAATTTTCCGTCAGTATCTGGCGCCAGCGCTGGGCATCACCCACCGCTTCGTCGGAACGGAACCGTTCTGTAGCGTCACCGCGCAGTACAACCGCGACATGCGTTTCTGGCTGGACACGCCAACCCTTCCCGCCCCACCGATTGAACTGGTGGAAATAGAGCGCCTGTGTTTCCAGGGAACGCCTGTCTCAGCCTCTCTGGTACGCAAGCTGCTGGTTAAAAAAGATCTCACGGCTATCGCGTCGCTGGTGCCACAGGCCACGTTGCACTACCTGCAACAGATGTCTGAACGCAGCGCCAGCGGAGCGACGGTCCGTCAACAGACCCCCGCATTAGTAACAGGTGAAAAATGA
3,0,{},417536936,417536936.0,11541976,1.0,"['tcp', 'hk']",{'HK_CA': 1},[],[],11541976,417536936.0,"{'name': 'ANONYMOUS', 'version': 'NC_013716.1', 'definition': 'Citrobacter rodentium ICC168, complete genome.'}",GCF_000027085.1-ROD_RS07265,0L7gMtydTa_vmr5DJrYCFg,4vs6765ii5lc_TYwqONr6A,WP_012905716,WP_012905716.1,ROD_RS07265,ROD_14551,complement(1554913..1556199),-,1554913,1556199,1287,,False,,two-component system sensor histidine kinase RstB,1.0,11.0,{},complement(1554913..1556199),{'inference': 'COORDINATES: similar to AA sequence:RefSeq:WP_012905716.1'},4vs6765ii5lc_TYwqONr6A,0L7gMtydTa_vmr5DJrYCFg,ATGAAAAAGCTGTTTGTGCAGTTTTATCTCCTGCTGTTCGTCTGCTTTCTGGTGATGACCCTGCTGGTCGGGCTGGTGTATAAATTCACCGCCGAACGCGCCGGAAGGCAGTCGCTGGATGACCTGATGAAAAGCTCGCTGTACCTGATGCGCAGCGAACTGCGTGAAATCCCACCGCGCGACTGGGGCAAAACGATTAAACGCATGGACCTGAATCTCTCATTCGATCTGCGCGTCGAGCCGCTGTCAAAATTCCGGCTGGATGCGGCATCGATGCAGCGTCTGCGTCAGGGCGATATTATTGCGCTGGACGAAGAGTACACCTTTATTCAGCGTATTCCGCGCAGCCATTATGTGCTGACCGTCGGTCCGGTGCCCTATCTCTATTTTTTGCATCAGATGCGCCTGCTGGATATCGCACTGATGGCGTTTATCGCCATTTCCCTCGCCCTGCCGGTGTTTATCTGGATGCGCCCGCACTGGCAGGAGATGCTTCGCCTGGAGGCCGCCGCCCAGCGTTTCGGCACAGGCCATTTGAGCGAGCGTCTGCATTTTGACAGCGGTTCCAGCTTCGAACGGCTGGGCATTGCTTTTAATCAGATGGCGGACAATATCGCTGCGCTGATCGCCAGTAAAAAGCAGCTGACCGATGGCATTGCCCATGAGCTGCGCACTCCGCTGGTTCGCCTGCGCTATCGGCTGGAGATGAGTGAAAACCTCAGCGAGCAGGAAACGCAGGCCCTCAATCGGGATATCGGGCAACTCGAAGCGCTCATTGAGGAGCTGCTCACCTATGCTCGCCTCGACAGACCGCAGAACGAACTGCAACTGAGCAAACCTGACCTCCCCGCCTGGCTTGCCTCGCACATTGAGGATGTGCAGAGCGTGAACCCTGAGCGAACGCTGCTTCTCTCCCCGCTCGTTTCCGGCGATTACGGCGCGCTGGATCTGCGGCTGATGGAACGGGTGGTGGATAATCTGCTCAACAACGCCCTGCGCTACTGCCGCTCGACCGTACAGATTAGCCTCCAGTTACACGGCAATCTGGCGACGCTGCGGGTCGATGACGATGGCCCCGGAATTGCGCCGCAGGCGCGCGAGACGGTATTTGAGCCTTTCGTTCGTCTGGACCCCAGTCGCGATCGGGCCACCGGCGGCTGCGGCCTGGGACTGGCAATCGTCCGATCGGTTTCTCAGGCGATGGAGGGCACCGTGAGCTGTGAGCAGAGCGAGATGGGCGGCGCGCGGTTTATCTTCCGCTGGCCGGTACGCCAGCTGGCGGGTTAA
3,1,{},417536937,417536937.0,11541976,1.0,"['tcp', 'rr']","{'RR': 1, 'Trans_reg_C': 1}",[],['Trans_reg_C'],11541976,417536937.0,"{'name': 'ANONYMOUS', 'version': 'NC_013716.1', 'definition': 'Citrobacter rodentium ICC168, complete genome.'}",GCF_000027085.1-ROD_RS07270,sgehCyTU4LK_CGND942dpw,ySyTlCBmxJ39mWPwnJP8TA,WP_012905717,WP_012905717.1,ROD_RS07270,ROD_14561,complement(1556212..1556946),-,1556212,1556946,735,,False,,two-component system response regulator RstA,1.0,11.0,{},complement(1556212..1556946),{'inference': 'COORDINATES: similar to AA sequence:RefSeq:WP_003028952.1'},ySyTlCBmxJ39mWPwnJP8TA,sgehCyTU4LK_CGND942dpw,ATGAATAAGATTGTATTTGTTGAAGACGATCCGGAAGTCGGCGCGCTGATTGCCGCTTATCTGGCAAAGCATGACTTCGACGTGGTTGTGGAGCCGCGCGGCGATATGGCGGAAGCGCGAATTTTTGAGGTGCAGCCGGATCTGGTGCTGCTCGATATCATGCTTCCCGGTAAAGATGGCATGACGCTGTGTCGCGATTTACAGGGGCGCTGGCAGGGGCCTGTCGTGCTGCTGACCTCTCTCGACAGCGATATGAACCATATTCTGGCGCTGGAAATGGGCGCCTGCGACTACATTCTGAAAACCACGCCGCCTGCGGTGTTGCTGGCGCGTTTGCGTCTGCATTTACGCCAGCACGACCGTGCGCCCCATGCCAACGGCATTCAAAGCGCGGGCCTGGCGTCGCATAATCCCCTGCGGTTTGGCTCGCTGACGGTCGATCCGGTCAATCGTTCGGTGCGCCTCTGCGGCGAGCTGATTGCGCTTTCCACCGCTGATTTTGAATTGTTGTGGGAACTGGCGACTCACGCCGGACAGGTTATGGACCGCGACGCGCTGCTGAAAAACCTGCGCGGCGTCAGTTACGACGGAATGGATCGCAGCGTGGACGTCGCCATTTCCCGCCTGCGTAAAAAGCTCCGCGATAACGCCAGTGAACCCTATCGCATCAAAACCGTGCGCAACAAAGGGTATCTTTTTGCCCCGCAGGCATGGGACGATGAGCCTGCGCGCTGA
3,2,,417536938,,11541976,,,,,,11541976,,,GCF_000027085.1-ROD_RS07275,57wc90Y9CfWWuCQ_CRfIiQ,S9g4LKIJJ7Jpq2pVMjluYA,WP_012905718,WP_012905718.1,ROD_RS07275,ROD_14571,1557073..1557408,+,1557073,1557408,336,,False,,GlpM family protein,1.0,11.0,{},1557073..1557408,{'inference': 'COORDINATES: similar to AA sequence:RefSeq:NP_456056.1'},S9g4LKIJJ7Jpq2pVMjluYA,57wc90Y9CfWWuCQ_CRfIiQ,ATGGGACTTATGATTAAGGCCGCTCTCGGGGCGCTGGTAGTGGTGATAATTGGTTTACTGGCAAAAACGAAAAATTACTATATTGCGGGCCTGATTCCCCTGTTCCCGACGTTTGCGCTGCTGGCCCACTATATCGTCGCCAGCGAGCGCGGGATTGAAGCGCTGAGAACCACCATCATTTTCAGCATGTGGTCCATTATTCCCTATTTTGTTTATCTGCTCTCGCTGTGGTATTTCATCGGCTTTCTGAAGCTGCCGCTGGCGCTCGGCGGGGCGGTTGTCTGCTGGTGCCTGAGCGCCTGGCTACTGATTTTTTGCTGGGTCAGACTGCATTAA
4,0,{},417537265,417537265.0,11541976,1.0,"['tcp', 'hk']","{'HAMP': 1, 'PilJ': 1, 'HK_CA': 1}",['PilJ'],[],11541976,417537265.0,"{'name': 'ANONYMOUS', 'version': 'NC_013716.1', 'definition': 'Citrobacter rodentium ICC168, complete genome.'}",GCF_000027085.1-ROD_RS08830,LSGYAmuaXoduqNCvy8WoqQ,8wHJjH6wViTjA1CXmgLs8Q,WP_012906022,WP_012906022.1,ROD_RS08830,ROD_17841,1894693..1896489,+,1894693,1896489,1797,,False,,nitrate/nitrite two-component system sensor histidine kinase NarX,1.0,11.0,{},1894693..1896489,{'inference': 'COORDINATES: similar to AA sequence:RefSeq:NP_460722.1'},8wHJjH6wViTjA1CXmgLs8Q,LSGYAmuaXoduqNCvy8WoqQ,ATGCTAAAACGTTGTCTCTCCCCGCTCACGCTGGTCAACCAGGTGGCGCTTATCGTGATGCTCTCCACCGCCATTGGCGTGGCGGGCATGGCCGTCTCCGGCTGGCTGGTGCAGGGGGTACAGGGTAGCGCGCACGCGATTAACAAAGCGGGTTCGCTGCGAATGCAGAGCTATCGTCTGCTGGCCGCCGTGCCGTTGCAGAACAGCGACCAGACGCTGCTGGATGAGATGACGCGCACGGCGTTCAGTCCGGAACTCACCCGCGCCGCGCAGCGCGACGGCCAGCAGGCGCAGCTTAAAGCGTTGCAGGACTACTGGCGCAGCGAGCTGATGCCGGGTCTGCAGAACGCCACAGCCCGCGATGCCGTGGCGGCGGATGTGGGACGTTTCGTTACCGGGCTGGATAATCTGGTGTCGGCGTTTGATCACACCACCGAAATGCGCATTGAGCGCGTGGTGATGGTGCACCGGATGATGGCGATCTTTATGGCGCTGCTGCTGGTGTTTACCATCATCTGGCTGCGCGCGCGTCTGCTACAACCGTGGAAACAGCTGCTGTCAATCGCCCGCGCCGTCAGCCAGCGCGACTTTAGCCAACGCGCCCATATCAGCGGACGCAATGAAATGGCGATGCTGGGCGACGCGCTGAACAACATGTCTGACGAACTGGCGGAAAGCTACTCGGTGCTGGAACAGCGGGTAAAAGAGAAAACCGCCGGACTGGAGCAGAAAAACCAGATCCTGTCGTTTCTCTGGCAGGCCAACCGCCGTCTGCACTCGCAGGCGCCCCTTTGCGAGCGTCTGTCACCAGTACTCAACGGTTTGCAAAATTTGACGCTGCTGCATGATATCGAACTGCGGGTCTATGACCAGGAAGATGAAGATAATCATCAGGAATTTACCTGTCAGTCCGACATCAGCTGCGACGACAAAGGCTGTCATTTATGTCCGCGCGGCGCGTTGCCGGACATTGACGGCGGCATGACCCTGAAGTGGCGCCTGACCGATACCCACACCCAGTACGGCATCCTGCTGGCGACCCTGCCGTCAGGACGGCATCTGAGCCACGATCAGCAGCAGCTGGTGGATACGTTAGTTGAGCAACTCACCGCAACGCTGGCGCTGGATCGCCATCAGGAGCGCCAGCAGCAGTTGATTGTCATGGAAGAGCGTGCCACCATTGCGCGCGAACTGCATGATTCTATTGCCCAATCGCTCTCCTGTATGAAGATGCAGGTCAGTTGCCTGCAGATGCAGGGCGACACGTTGCCGGAAAGCAGCCGCGAGCTGCTCAGCCAGATCCGCAACGAACTGAACGCCTCGTGGGCGCAGCTGCGCGAACTGTTAACCACCTTCCGGTTACAGCTGACCGAGCCCGGCCTGCGCCCCGCGCTGGAGGCCAGCTGTCAGGAATACAGCGCCCGCTTCGGTTTTCCGGTGAAGCTGGATTACCAGCTGCCGCCGCGCCTCGTCCCGTCGCATCAGGCGATCCACCTGCTGCAAATCGCCCGCGAAGCGTTAAGCAATGCGCTGAAACACTCCCGGGCCGACGAAGTGGTGGTCACCGTGGCGCTCAAAGGCAGGCAGGTCAGATTAACCGTACAGGACAACGGCTGCGGCGTTCCTGAAAACGCCGAACGCAGTAATCACTACGGCATGATCATCATGCGCGACCGGGCGCAGAGCCTGCGCGGTGATTGCCGGGTACGCCGTCGCGAGACGGGGGGAACGGAAGTCGCTGTCACATTTATTCCCGAAAAATACTTCACAGAAGTTCAAGGAGATACCCATGAATAA
4,1,{},417537266,417537266.0,11541976,1.0,"['tcp', 'rr']","{'RR': 1, 'GerE': 1}",[],['GerE'],11541976,417537266.0,"{'name': 'ANONYMOUS', 'version': 'NC_013716.1', 'definition': 'Citrobacter rodentium ICC168, complete genome.'}",GCF_000027085.1-ROD_RS08835,b6fsxXpMgmW-rp50bxH44w,eXmJKUDgBhFV5lci_7kcaA,WP_012906023,WP_012906023.1,ROD_RS08835,ROD_17851,1896482..1897132,+,1896482,1897132,651,,False,,two-component system response regulator NarL,1.0,11.0,{},1896482..1897132,{'inference': 'COORDINATES: similar to AA sequence:RefSeq:NP_460723.1'},eXmJKUDgBhFV5lci_7kcaA,b6fsxXpMgmW-rp50bxH44w,ATGAATAATCCGGAACAGGCAACCATCCTGCTCATCGACGATCATCCGATGCTGCGGACCGGCGTCAAACAGCTTGTCAGCATGGCGGCGGACATTACCGTGGTCGGCGAAGCCAGTAACGGCGAACAGGGTATTGAACTGGCGGAATCGCTTGACCCGGATCTGATCCTGCTGGATCTGAATATGCCAGGCATGAACGGACTGGAAACCCTCGACAAGCTGCGCGAAAAGGCGCTGTCAGGGCGGATTGTGGTGTTCAGCGTCTCAAACCATGAAGAAGACGTCGTGACGGCGCTGAAACGCGGCGCGGACGGCTATCTGCTGAAAGATATGGAGCCGGAAGATCTGCTGAAATCTCTCCAGCAGGCCGCCGCTGGCGAGATGGTGCTCAGCGAGGCGTTAACCCCGGTGCTGGCCGCCAGCCTGCGCGCCAACCGCGCCACCTCCGACCGCGACGTGACGCAGCTGACCCCGCGCGAACGCGATATTCTGAAGCTCATCGCTCAGGGGCTGCCGAATAAAATGATCGCCCGCCGTCTGGATATCACCGAAAGCACGGTAAAAGTACACGTCAAACATATGCTGAAGAAGATGAAGCTGAAATCACGCGTCGAAGCGGCGGTCTGGGTGCATCAGGAACGTATCTTCTGA
4,2,,417537264,,11541976,,,,,,11541976,,,GCF_000027085.1-ROD_RS26160,4IBGkYMFlrjoyGWRva13DQ,CGK5Iibxpt8p0BEcjzUO4A,WP_071820584,WP_071820584.1,ROD_RS26160,,complement(1894440..1894643),-,1894440,1894643,204,,False,,hypothetical protein,1.0,11.0,{},complement(1894440..1894643),{'inference': 'COORDINATES: similar to AA sequence:RefSeq:WP_012218746.1'},CGK5Iibxpt8p0BEcjzUO4A,4IBGkYMFlrjoyGWRva13DQ,TGACGATACGGCAGGCAGGGGCGTTATTCTCGGCTATCACCTGGAGTATACCCATACCTATAACGAGTTACCCCTTAATTGCCGCTAACAGGGGTGATTCTGGAAAGAGAGGAGTAGGGGCGGTCAGGGCCGTGAAAAACCACGTAATTTTTGCCGATTCTCGCTACTCACTTAGGATGATCATCATTTTTTGGCACGTATAA
5,0,{},417537729,417537729.0,11541976,1.0,"['tcp', 'rr']","{'RR': 1, 'LytTR': 1}",[],['LytTR'],11541976,417537729.0,"{'name': 'ANONYMOUS', 'version': 'NC_013716.1', 'definition': 'Citrobacter rodentium ICC168, complete genome.'}",GCF_000027085.1-ROD_RS11090,2qJ_LoMTrDGC6drh8bP12A,7E3x5nw7YcJdk9HNlUlmIw,WP_012906440,WP_012906440.1,ROD_RS11090,ROD_22381,complement(2348703..2349422),-,2348703,2349422,720,,False,,two-component system response regulator YehT,1.0,11.0,{},complement(2348703..2349422),{'inference': 'COORDINATES: similar to AA sequence:RefSeq:NP_461103.1'},7E3x5nw7YcJdk9HNlUlmIw,2qJ_LoMTrDGC6drh8bP12A,ATGATTAAAGTGCTGATTGTGGATGATGAGCCGTTGGCGCGGGAAAATCTGCGGATCCTGTTACAGGAACAAAGTGATATAGAGATAGTGGGCGAGTGCGCCAACGCCGTTGAAGCGATAGGCGCGGTGCATAAGCTGCGCCCGGATGTGCTGTTTCTCGACATCCAGATGCCGCGCATCAGCGGCCTGGAAATGGTCGGGATGCTCGACCCGGAACACCGCCCGTACATTGTGTTTCTGACCGCCTTCGACGAGTACGCAATTAAGGCGTTTGAAGAACACGCCTTTGACTATCTGCTGAAGCCTATTGAAGAGGGGCGGCTGGAGAAAACCCTCAACCGTCTGCGCCAGGAGCGCAGTAAGCAGGATGTCTCTGTGCTGCCGGATAATCAGCAGGCGCTGAAGTTTATCCCCTGTAGCGGGCACAGCCGAATCTACCTGTTGCAGATGGACGACGTCGCGTTCGTCAGCAGCCGGATGAGCGGCGTCTATGTGACCAGCAGCGAGGGCAAAGAAGGCTTTACCGAACTGACCCTCAGAACGCTGGAAAACCGCACGCCGCTGCTGCGCTGCCATCGGCAGTATCTGGTCAACATGGCCCATTTGCAGGAGATCCGTCTGGAAGATAACGGCCAGGCGGAGCTGATTTTACGCAACGGGCTGACCGTGCCGGTGAGTCGTCGCTATCTGAAAAGTTTGAAAGAGGCGATTGGGCTGTAA
5,1,{},417537730,417537730.0,11541976,1.0,"['tcp', 'hk']","{'GAF': 1, 'HK_CA': 1, '5TM-5TMR_LYT': 1}","['5TM-5TMR_LYT', 'GAF']",[],11541976,417537730.0,"{'name': 'ANONYMOUS', 'version': 'NC_013716.1', 'definition': 'Citrobacter rodentium ICC168, complete genome.'}",GCF_000027085.1-ROD_RS11095,M9fvl6Zh90HMSZ2NZ9aGfQ,hY1il_codWvKP6pmoLKudA,WP_012906441,WP_012906441.1,ROD_RS11095,ROD_22391,complement(2349419..2351104),-,2349419,2351104,1686,,False,,sensor histidine kinase,1.0,11.0,{},complement(2349419..2351104),{'inference': 'COORDINATES: similar to AA sequence:RefSeq:NP_461104.1'},hY1il_codWvKP6pmoLKudA,M9fvl6Zh90HMSZ2NZ9aGfQ,ATGTACGAGTTTAATCTGGTGTTGCTGCTGCTTCAGCAAATGTGCGTGTTTCTGGTTATCGCATGGCTGATGAGCAAGACGCGTTTATTCATACCCTTAATGCAGGTTACCGTGCGCCTGCCACATAAGCTGCTGTGCTACGTTACCTTTTCCATCTTCTGTATTCTCGGCACCTATTTTGGTCTGCATATCGATGACTCCATCGCCAATACCCGGGCGATCGGCGCGGTGATGGGGGGGCTGCTCGGCGGACCGGTGGTCGGCGGGCTGGTGGGTTTAACCGGCGGCCTGCACCGCTACTCGATGGGCGGCATGACCGCGCTAAGCTGTATGATCTCCACTATCGTCGAAGGTCTGCTGGGCGGGCTGGTGCACAGCGTTCTGACGCGGCGCGGGCGTACCGATAAAGTCTTTAACCCGCTGACCGCCGGGGCGATTACCTTTGTCGCGGAGCTGGTGCAGATGCTGATCATCCTGATGATTGCCCGACCGTTCGACGACGCTTACCGTCTGGTCAGCAATATCGCCGCGCCGATGATGGTCACCAACACCGTCGGGGCGGCGCTGTTTATGCGCATCCTGCTCGACAAGCGGGCAATGTTTGAAAAATATACGTCGGCGTTTTCCGCCACCGCGCTGAAGGTGGCCGCCTCGACCGAGGGGATCCTGCGCCAGGGCTTTAACGAAGTGAACAGCATGAAGGTGGCGCAGGTGCTGTATCAGGAGCTGGATATCGGCGCCGTGGCGATTACCGATCGCGAGAAGCTGCTGGCTTTTACCGGCATCGGCGACGATCACCATCTGCCGGGCAAGCCCATCTCGTCGGGCTATACCCTGCGGGCGATAGAGACCGGCGAAGTGGTCTACGCCGATGGCAATGAAGTGCCGTACCGCTGCTCGCTGCATCCGCAGTGCAAGCTGGGGTCTACGCTGGTGATCCCGCTGCGCGGCGAAAATCAGCGCGTGATGGGCACCATCAAGCTGTATGAAGCCAAAAATCGTCTGTTCAGCTCGATCAACAGGACGTTAGGCGAGGGGATCGCCCAGTTGCTCTCCGCGCAGATCCTCGCCGGGCAGTATGAACGCCAGAAGGCTTTGCTCACCCAGTCGGAAATCAAGCTGCTGCACGCGCAGGTCAATCCGCACTTTCTGTTTAATGCGCTGAACACCATTAAGGCGGTGGTGCGCCGCGACAGCGAGCAGGCGGGCCAGCTGGTGCAGTATCTCTCCACCTTCTTTCGTAAAAACCTGAAACGCCCGTCGGAGATTGTGACGCTCGCCGACGAGATTGAGCACGTCAACGCCTATCTGCAAATTGAAAAAGCGCGCTTCCAGTCGCGGCTGAAGGTGAATTTACAGGTGCCGGAGGCGCTGGCGCATCAGCGGCTGCCAGCGTTTACCCTGCAACCGATAGTGGAAAACGCCATTAAGCACGGCACCTCGCAGCTGCTGGAAACGGGGGAGGTGTCGATTACCGCCCGCCAGCAGGAACAGTACCTGATGCTGGATATTGAAGATAACGCCGGGCTGTATCAACCGACGACAAGCGCCAGCGGGCTGGGAATGAACCTGGTGGATAAGCGCCTGCGTGAACGCTTTGGCGACGATTACGGCATCAGCGTGGTTTGCGAACCTGACCGTTTTACCCGAATAACCCTACGACTTCCTCTGGAGGAGAACGCATGA
5,2,,417537731,,11541976,,,,,,11541976,,,GCF_000027085.1-ROD_RS11100,oO-Hr4rzqMbcLHg9X3oPJw,cbtkp2nu73UfiI2AAGWpUQ,WP_012906442,WP_012906442.1,ROD_RS11100,ROD_22401,2351327..2352058,+,2351327,2352058,732,,False,,HTH-type transcriptional regulator MlrA,1.0,11.0,{},2351327..2352058,{'inference': 'COORDINATES: similar to AA sequence:RefSeq:NP_456720.1'},cbtkp2nu73UfiI2AAGWpUQ,oO-Hr4rzqMbcLHg9X3oPJw,ATGGCGCTTTACACCATAGGTGAAGTGGCTTTGCTTTGTGATATTAACCCTGTCACGCTCCGCGCGTGGCAGCGGCGTTATGGACTGTTGAAACCGCAGCGTACCGACGGCGGTCATCGTCTTTTCAACGATTCGGATATTGACCGCATCCGTGAAATCAAGCGCTGGATCGACAACGGCGTGCAGGTCAGCAAAGTGAAAATGTTGCTGAGCAGCGACAGCGTTGACCCGCAGAACGACTGGCGCCGACATCAGGAAACGCTGCTCCACTATCTGCAAAGCAACAATCTGCATAGCCTGCGCGCCTGGCTTAAGGAGCGCGGCCAGGATTACCCGGCGCAAACGCTGACCACCCATCTGTTTATTCCGCTGCGCCGCCGTTTACAGTACCAGCAGGCAACGCTACAGGCGCTGCTGGGGATCCTCGACGGCGTGCTGATTAATTACATCGCCATCAGCCTGGCTGCAGCCAGAAAGAAACAGGGGAAAGAGGCGCTGGTGGTCGGCTGGAATATCCATGACACCACCCGTTTATGGCTGGAGGCGTGGGTCGCCAGCCAGCAGGGCTGGCGCGTTGACGTGCTGGCGCATTCATTAAGCCAGTTTCGCCCGGAACTCTTTGAAGGCCGGAATTTGCTGGTCTGGTGCGGGGAAAATCAGACCCCGGCGCAGCAGCAGCAGCTCACCGCCTGGCGCGCGCAGGGCCATGCGATTTACCCCCTCGGCATTTAA
6,0,{},417537845,417537845.0,11541976,1.0,"['tcp', 'hk']","{'Hpt': 1, 'HK_CA': 1}",[],[],11541976,417537845.0,"{'name': 'ANONYMOUS', 'version': 'NC_013716.1', 'definition': 'Citrobacter rodentium ICC168, complete genome.'}",GCF_000027085.1-ROD_RS11635,-snus2kelXtoEberj9j1XA,7jI90LQT-bV2XMF7DlHDfA,WP_012906545,WP_012906545.1,ROD_RS11635,ROD_23491,2466844..2469513,+,2466844,2469513,2670,,False,,phosphotransferase RcsD,1.0,11.0,{},2466844..2469513,{'inference': 'COORDINATES: similar to AA sequence:RefSeq:NP_461211.1'},7jI90LQT-bV2XMF7DlHDfA,-snus2kelXtoEberj9j1XA,ATGAGTCAGTCTGATACCACGGCTACGTCCCGATTTTCCCTGCTGCCGGGAAGCATTACCCGCTTCTTTTTATTGCTGATCATTGTGCTGCTGGTGACGATGGGTGTGATGGTGCAAAGCGCCGTCAACGCCTGGCTGAAGGACAAAAGCTATCAGATTGTCGATATTACCCATGCCATTCATAAACGCGTGGATACCTGGCGATATGTGACCTGGCAAATCTATGACAACATCGCTGCCGCCGCCAGCCCCTCCTCCGGCGAAGGGCTGCAGGAAACGCGCCTGAAGCAGGATGTTTACTATCTCGAAAAACCGCGGCGTAAAACGGAAGCGCTGATTTTTGGTTCTCACGACAGCTCCACGCTGGAGATGACCCAGCGTATTTCCACCTATCTCGATACCCTGTGGGGCGCCGAAACGGTGCCGTGGTCTATGTACTATCTGAACGGGCAGGACAACAGCCTGATTCTGATCTCTACGCTGCCGCTGAAAGATCTCTCCTCCGGTTTTAAAGAATCGACCATTGGCGGCATTGTCGATTCCCGCCGGGCGGAAATGCTACAGCAGGCTAACGCGCTGGATGAGCGGGAAAGTTTCTCTTCGCTGCGCCGCCTGGCGTGGCAAAACGGGCGCTACTTTACGCTGCGCACGACCTTTAACCAGCCGGGGCATCTGGCCACCGTCGTCGCCTTCGACCTGCCGATTAACGACTTAATCCCGCCGGGAATGCCGCTGGACAGCTTCCGCCTCGAGCCTGACGGCACGCCCGCTTCCGCGCGCAATAGTGAAAAGGAGTCGCCGGACAGCGTGAGCATCAGCTTTAACAGCTCGAAGATTGAGATTTCTTCGGCGCTGAACTCCACCGATATGCGTCTGGTCTGGCAGGTTCCTTTCGGTACGCTGCTGCTCGACACGCTGCAAAACATTCTCCTGCCGCTGTTGTTGAATATCGGCCTGCTCGCGCTGGCGCTGTTTGGTTATACCACCTTCCGCCATCAGCCGGGACGCTCCACTGAAGTGGCGCCCAGTTCCGCGGCCAATAATGAGCTGCGCATTCTGCGCGCCATTAACGAAGAAATTGTCTCCCTGCTGCCGCTGGGCCTGCTGGTGCACGATCAGGAGGCCAACCGCACGGTCATCAGCAATAAAATTGCCGATCATCTGTTGCCGCATCTTAATTTGCAAAATATCACCAGCATGGCGGAACAGCATCAGGGGGTGATTCAGGCAACCATCAACAACGAGCTATATGAGATTCGCCTGTTCCGCAGCCAGGTGGCGCCGCGCACGCAAATTTTCATCATTCGCGATCAGGATCGCGAAGTACTGGTCAATAAAAAGCTAAAGCAGGCGCAGCGTCTGTATGAGAAAAACCAGCAGGGCCGTATCGCATTTATGCAGAACATCAGCGAGACGCTGAAAGAGCCGGTTAAAACCCTTGCCGCCGGCGTGGCGCAGGTTGATACGCCCGACGCGCAAAAGCTGGTCAATCAGGCGGACGTGCTGGTGCGCATGATTGATGAAATTCAACTGGCGAATATGCTGGAAAACGACGCGTGGAAAAGCGAGTCAACGCGCTTCCCGGTACAGTCGCTGATCGACGAAGTGGTGCCGGAAGTACTGCCGGCCATGAAGCGCAAAGGCCTGCAATTACTGATCAATAATCGTCTGAACGCTAACGACGAGCGGCACGGCGATCGCAACGCGCTACGCCGTATCCTGCTTCTGCTGATGCAATATGCCGTGACCACCACCCAGATTGGTAAAATCACCCTTGAGGTCGAACAGGATGAGTCCGTCGCGGAGCGCCTGACCTTCCGCATTCTGGATACCGGCGAAGGCGTGACGCTGAGCGAAGTCGACAACCTGCATTTCCCGTTTATTAGCGAAACGCAGAAAGACCGCTATGGTAAAGCGAATCCGCTCGCTTTCTGGCTATGCGATCAGCTGGCGCGCAAACTGGGCGGACATTTAAACATTAAAGCGCGTGATGCGTTAGGCACACGCTACACGGTCCATGTTAAAATGACCCCGCTGGATCAGCATGTGGAACACGATGAACGTCTGCTGGATGATGTCTGCGTCATGATTGACGTGACCTCCAGCGAGATCCGTAATATCGTACTCCGCCAGTTAGAAAACTGGGGAGCGACATGCGTCACTCCAGATGAAAGGCTGATAAGTCAAGAATACGATCTCTTTTTAACTGATAATCCGTCTAATCTTACTGCTTCCGGATTGCTTTTAAGCGATGATGAGTCAGGCGTGCGGAAAATTGGCCCCGGCCAGCTTCGCGTCAACTTTAATATGAGTAATGCTATGCAGGAAGCTGTTCTACAACTCATAGAAGAACAGCTGGCGCAGGAAGATATTCCGGAATCGCCTCTGGGCGGCGATGAGAATGCCGAACTCCATGCCAGCGGTTATTATGCGCTATTTGTAGACACAGTACCGGATGATGTTAAGAGGTTGTATACTGAGGCGGAAAACGGCGATTTTGCGGCGTTAGCCCAAACGGCTCACCGCCTGAAAGGCGTGTTTGCCATGCTAAATCTGGTACCCGGCAAGCAGTTATGTGAAACGCTGGAACATCTGATTCGCGAGAAAGATGTTCCAGGAACAGAAAAATATATCAGCGACATTGACGCTTACGTCAAGAGCTTGCTGTAG
6,1,{},417537846,417537846.0,11541976,1.0,"['tcp', 'rr']","{'RR': 1, 'GerE': 1}",[],['GerE'],11541976,417537846.0,"{'name': 'ANONYMOUS', 'version': 'NC_013716.1', 'definition': 'Citrobacter rodentium ICC168, complete genome.'}",GCF_000027085.1-ROD_RS11640,GWc2jjtHgOAGFdao-zPebg,ZiYKwDpffWmwnautxwp9RA,WP_001061919,WP_001061919.1,ROD_RS11640,ROD_23501,2469530..2470180,+,2469530,2470180,651,,False,,DNA-binding response regulator,1.0,11.0,{},2469530..2470180,{'inference': 'COORDINATES: similar to AA sequence:RefSeq:NP_461212.1'},ZiYKwDpffWmwnautxwp9RA,GWc2jjtHgOAGFdao-zPebg,ATGAACAATATGAACGTAATTATTGCCGATGACCATCCGATTGTACTGTTCGGTATTCGCAAGTCACTTGAACAAATCGAATGGGTGAATGTTGTCGGCGAATTTGAAGACTCCACAGCACTGATCAACAATCTGCCAAAATTAGACGCGCATGTATTGATTACCGATCTCTCCATGCCGGGCGATAAATATGGCGACGGGATTACGTTGATTAAATACATCAAGCGTCATTTTCCGAGCCTGTCGATTATTGTTCTGACCATGAACAATAACCCGGCGATTCTGAGCGCGGTACTTGATCTTGATATCGAAGGGATTGTCCTGAAACAGGGCGCGCCGACCGATCTGCCGAAGGCGCTCGCAGCGCTGCAGAAAGGCAAAAAATTCACTCCGGAAAGCGTTTCTCGTCTGCTGGAGAAAATCAGCGCTGGCGGCTATGGCGATAAGCGCCTCTCGCCGAAAGAGAGCGAAGTGTTGCGCCTGTTCGCAGAAGGTTTCCTGGTGACCGAAATCGCCAAGAAGCTGAACCGCAGCATCAAGACCATCAGCAGCCAGAAGAAATCCGCGATGATGAAGCTGGGCGTCGAAAACGATATCGCCCTGCTGAACTATCTCTCTTCTGTGACCCTGAGCCCGACAGACAAAGAGTAA
6,2,,417537844,,11541976,,,,,,11541976,,,GCF_000027085.1-ROD_RS11630,mvN40T9G15N5TZPWPHop1w,X9CARXdTb9bfGiNw_P8FHQ,WP_012906544,WP_012906544.1,ROD_RS11630,ROD_23481,complement(2464986..2466104),-,2464986,2466104,1119,,False,,porin OmpC,1.0,11.0,{},complement(2464986..2466104),{'inference': 'COORDINATES: similar to AA sequence:RefSeq:NP_456812.1'},X9CARXdTb9bfGiNw_P8FHQ,mvN40T9G15N5TZPWPHop1w,ATGAAAGTTAAAGTACTGTCCCTCCTGGTACCGGCTCTGCTGGTAGCGGGCGCAGCAAATGCGGCTGAAATTTATAATAAAGACGGCAACAAATTAGACCTGTTTGGTAAAGTAGACGGTCTGCACTATTTCTCCGATGACAACAGCAAAGATGGCGATCAGACCTACATGCGTATCGGCTTTAAAGGCGAAACGCAGGTCAACGACCAAATCACCGGCTACGGCCAGTGGGAGTATCAGATTCAGGGGAATACCTCTGAAAACGAAAATGACTCCTGGACCCGTGTGGCGTTCGCCGGTGTGAAATTTGGCGATGCGGGTTCGTTTGACTACGGTCGTAACTACGGCGTGGCTTATGACGTGACCTCCTGGACCGACGTTCTGCCGGAGTTCGGCGGCGATACCTACAATTCCGACAACTTTATGCAGCAGCGTGGTAATGGCTTCGCAACCTACCGTAACACCGACTTCTTCGGCCTGGTGGATGGTCTGGACGTCGCCGTGCAGTACCAGGGTAAAAACGGCAGTCCGTCCGGCGAAGGCATGACTGGCATCACCAACAACGGTCGTGATGCCCTGCGTCAGAACGGCGACGGCGTAGGCGGTTCCGTCACTTACGATCTCGGCGAAGGATTTAACCTGGGTGCGGCAGTCACCAGCTCCAAACGTACCGATGAGCAGAACAACGCAGCACGTTACATTGGTAACGGCGACCGCGCTGAAACCTACACCGGCGGTCTGAAATATGACGCTAACAATCTCTACCTGGCGGCACAGTACACCCAGACGTATAACGCGACGCGTGCAGGCGACATTGGCTGGGCTAACAAAGCGCAGAACTTTGAAGTGGTGGCGCAGTATCAGTTCGACTTCGGCCTGCGTCCGTCCGTGGCTTACCTGCAGTCGAAAGGTAAAAACCTGGGCACCGTTAACGGTCGTAACTACGACGACGAAGATCTGCTGAAATATGTTGATGTTGGCGCGACCTACTACTTCAACAAAAACATGTCCACCTACGTTGATTACAAAATCAACCTGCTGGATGACAACAGCTTTACCCGTGCAGCGAACATCAGCACCGACGATATCGTCGCGCTGGGTCTGGTTTACCAGTTCTGA
7,0,{},417538297,417538297.0,11541976,1.0,"['tcp', 'hk']","{'HK_CA': 1, '5TM-5TMR_LYT': 1}",['5TM-5TMR_LYT'],[],11541976,417538297.0,"{'name': 'ANONYMOUS', 'version': 'NC_013716.1', 'definition': 'Citrobacter rodentium ICC168, complete genome.'}",GCF_000027085.1-ROD_RS13785,Vri14kpkfiC1YIEa9I8b3Q,2EiJ29oYMz4xlmW8pfC8dQ,WP_012906954,WP_012906954.1,ROD_RS13785,ROD_27951,2954168..2955862,+,2954168,2955862,1695,,False,,sensor histidine kinase,1.0,11.0,{},2954168..2955862,{'inference': 'COORDINATES: similar to AA sequence:RefSeq:WP_014171061.1'},2EiJ29oYMz4xlmW8pfC8dQ,Vri14kpkfiC1YIEa9I8b3Q,GTGCACGAAATATTTACTATGCTGCTGGCGGTTTTCGATCGGGCAGCGCTGATGCTTTTCTGTCTGTTCTTTCTTATCCGCATCCGTCTGTTCCGTGAATTACTGCACAAATCAGCCCACACGCCGCAGGAATTGCTCGGCGTTACCGCCATTTTTTCACTGTTCGCGCTGTTCAGCACCTGGTCCGGCGTGCCGGTAGAAGGCTCGCTGGTGAATGTGCGCATCATCGCTGTGATGTCGGGCGGTATTCTGTTTGGACCCTGGGTGGGGATTATTACGGGGATGATTGCCGGTACGCACCGCTATCTGATCGATATCGGCGGCGTCACTGCGGTTCCCTGCTTCATCACCAGCATCCTGGCCGGCTGTATTTCAGGCTGGATTAACCGCAGGATACCGAAAGCGCAGCACTGGCGCGTCGGGATTTTAGGCGGCATGCTGTGCGAAACGCTGACGATGATTCTGGTCATCATCTGGGCGCCGACCGTCGCGCTGGGAGTGGATATTGTCTCTAAAATCGGTATTCCGATGATTCTCGGCAGCGTCTGTATTGGCTTTATCGTGCTGCTGGTACAAAGCGTCGAGGGCGAGAAAGAGGCCAGCGCCGCCCGCCAGGCCAAGCTGGCGCTGGATATCGCCAACAAAACCCTGCCGCTGTTTCGTCACGTCAACAGCGAGTCGTTACGCCAGATCTGCGAAATCATCCGGCATGATATTCACGCCGATGCGGTGGCGATCACCAACACTGAACATGTGCTGGCCTATGTCGGCGTTGGCGAGGCGAATTATCACAATAACGATAATTTCATCAGTCCCACTACCCGTCAGGCGATCAACTATGGAAAAATCATCATTAAAAACAATGATGAAGCACACCGCACTCCGGAAATCCACTCCATGCTGGTCATTCCGTTATGGGAAAAAGGCGTGGTCACCGGCACGCTGAAAATTTACTACTGTCACGCCCATCAGATCACCTCGTCACTGCAGGAGATGGCGATAGGCTTGTCGCAGATTATCTCGACCCAGCTGGAAGTGTCGCGCGCCGAACAGCTGCGGGAAATGGCAAATAAGGCAGAGCTGCGCGCGCTGCAAAGTAAAATTAATCCTCATTTCCTGTTTAACGCGCTGAATGCCATCTCGTCATCCATCCGGCTCAATCCGGACACCGCCCGCCAGCTGATTTTTAACCTGTCGCGCTATCTGCGCTATAACATTGAATTAAAAGACGATGAGCAGATCGACATTAAAAAAGAGCTGTATCAGATTAAAGACTACATCGCCATTGAGCAGGCTCGTTTTGGTGACAAGCTGACCGTCATTTATGACATTGACGAAGAAGTGAACTGCGCTATTCCGAGCCTGCTGATTCAGCCGCTGGTGGAAAACGCCATCGTCCACGGTATCCAGCCCTGCAAGGGAAAAGGCGTGGTCACGATTAGCGTCGCCGAATGCGGCAACCGGGTGCGCATCGCCGTGCGCGACACCGGGCATGGCATTGACCCGGCGATGATTGAACGCGTCGAATCCAACGAAATGCCCGGTAATAAAATCGGCCTGCTTAACGTCCATCATCGCGTTAAGCTGTTATACGGCGAAGGCCTGCATATCCGCCGCCTGGAGCCCGGCACGGAAATCGCGTTTTATGTGCCGAACCAGCGCGCCAGCGCCTCGCCCGCAACGTTAATGCTTTAA
7,1,{},417538298,417538298.0,11541976,1.0,"['tcp', 'rr']","{'RR': 1, 'LytTR': 1}",[],['LytTR'],11541976,417538298.0,"{'name': 'ANONYMOUS', 'version': 'NC_013716.1', 'definition': 'Citrobacter rodentium ICC168, complete genome.'}",GCF_000027085.1-ROD_RS13790,XjhRwVS810GrlsYNZOAv9A,XdgAB-fO21p5fAdl46U6cw,WP_012906955,WP_012906955.1,ROD_RS13790,ROD_27961,2955877..2956611,+,2955877,2956611,735,,False,,DNA-binding response regulator,1.0,11.0,{},2955877..2956611,{'inference': 'COORDINATES: similar to AA sequence:RefSeq:WP_016237454.1'},XdgAB-fO21p5fAdl46U6cw,XjhRwVS810GrlsYNZOAv9A,GTGAAAGTCATCATCGTTGAAGATGAATTCCTTGCCCAGCAGGAACTCAGCTGGCTGATAAAAGAGCACAGCCAGATGGAGATCGTCGGTACCTTCGACGACGGTCTGGACGTGCTGAAGTTTTTACAGCACAACCGCGTCGATGCCATTTTTCTGGATATCAATATTCCGTCGCTCGACGGCGTACTGCTGGCGCAAAATATCAGCCAGTTCGCGCACAAGCCGTTTATCGTGTTCATCACCGCCTGGAAAGAGCACGCGGTGGAAGCGTTTGAGCTGGAAGCGTTTGATTACATTCTCAAACCCTATCAGGAGTCGCGCATCGTCGGGATGCTGCAAAAGCTGGAGGCCGCCTGGCAACAGCAGCAGTCCGGCGCAGCGCCAGCCGGTCCGGTCACGCGCGAGAACGATACCATCAACCTGATCAAAGACGAGCGGATCATCGTTACGCCGATCAACGATATCTATTACGCCGAAGCGCATGAAAAAATGACCTTCGTCTATACGCGGCGGGAATCATACGTGATGCCGGTCAACATCACGGAATTTTGCAACAAGCTGCCTTCCTCGCACTTCTTCCGCTGCCATCGCTCGTTCTGCGTCAATCTGAACAAAATTCGCGAAATCGAACCGTGGTTCAATAACACCTATATTCTGCGGCTGAAAGATCTGGAGTTTGAAATCCCGGTAAGCCGGAGTAAAGTGAAGGAGTTCAGGCAGTTAATGCATTTGTAG
7,2,,417538296,,11541976,,,,,,11541976,,,GCF_000027085.1-ROD_RS26400,DrLjYBWLMNuImufLupZIbg,,,,ROD_RS26400,,complement(2953799..2954137),-,2953799,2954137,339,,True,,hypothetical protein,1.0,11.0,{},complement(2953799..2954137),{'inference': 'COORDINATES: similar to AA sequence:RefSeq:WP_001664363.1'},,DrLjYBWLMNuImufLupZIbg,TGATAGGTAACCGTGAGGCGGATGACCAGCCTGTAACAAGCGTGTGCGTAATGAGGAAAAACCACAGTTTCAAAAGGGGATTGTCTGATAACCGACGCGTTTACATTGTATTTCGCCAAATAATGTGTCGCCAGGTTAATTTGATAACAAGGAACTGTTATGAGAAAGTAAAGTGGAAAATGGATGAATATCAATAGCTTCCCCTTTTTATATTGTGCTTCCTCTTTTAAGCGGCGGAAAAATATTTCTTCGCCCCTCTCGACAGCGGGAAATTAATCAGGCTATTTTCTAAGCGTGCCACCATCGTGGCAGCGTCGCTCGGACGGTCCGGGCGCTAA
8,0,{},417538658,417538658.0,11541976,1.0,"['tcp', 'rr']","{'RR': 1, 'Trans_reg_C': 1}",[],['Trans_reg_C'],11541976,417538658.0,"{'name': 'ANONYMOUS', 'version': 'NC_013716.1', 'definition': 'Citrobacter rodentium ICC168, complete genome.'}",GCF_000027085.1-ROD_RS15520,GIhlFrp3D_GSILjS7jtwWg,yrVYfkh7eFoNM1_5MDph3g,WP_012907262,WP_012907262.1,ROD_RS15520,ROD_31481,3313349..3314023,+,3313349,3314023,675,,False,,transcriptional regulator TctD,1.0,11.0,{},3313349..3314023,{'inference': 'COORDINATES: similar to AA sequence:RefSeq:NP_461711.1'},yrVYfkh7eFoNM1_5MDph3g,GIhlFrp3D_GSILjS7jtwWg,ATGCGTCTCTTATTGGCGGAAGATAACCGTGAGCTGGCTCACTGGCTGGAAAAAGCGCTGGTGCAGAACGGATTCGCCGTGGACTGCGTGTTCGACGGGCTGGCTGCCGATCACCTGTTGCATAGCGAGAGTTACGCGCTGGCGGTGCTGGATATCAATATGCCCGGCATCGACGGACTTGAGGTGGTACAGCGTCTGCGCAAGCGGGGACAGACGCTGCCGGTGCTGCTGTTGACCGCGCGCAGCGCGGTGGCCGATCGGGTAAAGGGGCTGAACGCGGGCGCCGATGACTATCTGCCGAAACCCTTTGAGCTGGAGGAGCTGGACGCCCGGCTGCGCGCCCTGCTGCGGCGCAGCGCGGGGCAGGTGCAGGAGCTTCAGCAGCTGGGCGATCTCGCGTTTCATGACGAAGGCTATTTTTTGCTTCAGCAGCAGCCGCTGGCGCTCACCCCGCGGGAGCTGGCGCTGTTGACGGTGTTGATGTACCGCCGGACGCGCCCGGTTTCGCGCCAACAGCTGTTTGAACAGGTATTCAGCCTCAATGACGAAGTGAGTCCGGAGAGCATCGAGCTCTATATCCATCGCCTGCGCAAAAAACTGCACGGCAGCAATGTGCGGATCACGACGCTGCGTGGCCTGGGCTACCTGCTGGAGCGCAGTGATGAGGTGGGCTAA
8,1,{},417538659,417538659.0,11541976,1.0,"['tcp', 'hk']","{'HK_CA': 1, '2CSK_N': 1}",['2CSK_N'],[],11541976,417538659.0,"{'name': 'ANONYMOUS', 'version': 'NC_013716.1', 'definition': 'Citrobacter rodentium ICC168, complete genome.'}",GCF_000027085.1-ROD_RS15525,bjVFdcGbzXkalocygHUyfw,pn-GMkMUKtmbQh8VP0auOw,WP_012907263,WP_012907263.1,ROD_RS15525,ROD_31491,3314010..3315422,+,3314010,3315422,1413,,False,,sensor histidine kinase,1.0,11.0,{},3314010..3315422,{'inference': 'COORDINATES: similar to AA sequence:RefSeq:WP_003037192.1'},pn-GMkMUKtmbQh8VP0auOw,bjVFdcGbzXkalocygHUyfw,ATGAGGTGGGCTAAACCGCAGTCGCTGTACCTGCAACTGCTGCTGTTTTTAGGCTTGCCGCTGCTGTTGCTGTGGGGGCTTTCCGCGTTCAACAGCTATGTCAGCGCCCTGCAGGCGGCGACCCAGGCTTACGATCGCACGCTGCTCTCTTCCGCCAGGACGGTGGCGGAACGGCTGGAGGTGCGTAACGGCAGGCTGGCGGTGGACGTCCCCTGGGTGGTGCTGGACAGCTTTGAGCTGAACATGAACGACCGGCTCTATTATAAGGTGGTGGACCCGGCGGGGCGGGTCATCTCCGGCTATGACGACATGCCCGCCATGCCGCCTTCCACCTCGCGAACGCAGCTCTATCCGGCGCTGGCGTGGTTCTATCACACCCAGTACCGGGGCCAGGCGATCCGCGTTGCGCGCCTGCTGCAGCCGGTCAATGAGGGCGGCATCGTCGGGATGGCGGAAATTTATGTCGCCGAAACGCTCCAGTCCCGGCGCTATCTGGCGGGCCAGCTGCTGTTTTCGTCTTGGGTCTCCCAGGGACTGCTGGTTCTGCTGACGCTGGTGCTGGTCGGCTGGTTATTGCGCCGGGTGCTGAAGCCGATGCGTCAGCTCTCTTCGCTGATGGTGCGCCGGGAGCCGGAGCTGTTAACGCCGTTGCCGGAACTGCTGCCGTGGTCGGAGACGCGTCTGCTGATTGTGGCATTTAACCGCTATCTCGATCGTCTGCGCGTGTTGATCTCGCGACAGGAGCGCTTCAGCGCCGATGCCTCCCATCAGCTGAAAACGCCGCTGGCGGTGCTGAAAACCCAGGCGGCGGTGGCGCTGGCAAGCCGACAGCCGCAGCAGTGGTATGAGAGTTTACAGGCGATGAGCGCCACGCTGGATAACACGATTCTGTTAACCGAACGGCTGTTGCAGCTTTCCGCGGTGAAGCGCAAAGAGCAGGGCGAGCGGCAATTTTTACCCGTGAATCTGTTTGCGCTGGTGCAGGAAAGTTGTTTTACTCGCCTTGCGCAGGCGCGCAGTAAAAATATCGACCTGGGCTATGAGGGCGTACAGGAGTCGATATGGATCGCCGGCGATGAGCTGCTGCTTGGCGAGCTGTGCGGCAATCTGCTGGATAATGCGCTGAAATATACGCCGCCTCAGGGAACGGTAACGGCAAGGCTCGAACGGGATGGCGAGGCCGTGACGCTGATAGTGGAAGACAGCGGGCCGGGGATTGAGGACCAGCAGATCCCGCAGGCGCTGCTGCCGTTTCACCGCCTTGACAACGTTGGTCAGCAGGCGGGAGCGGGCATCGGTCTGGCGCTGGTCAACGATATCGCGCGCCTGCACCGCACGCATCCGCAGCTCTCACGCAGCGAGGCGTTGGGCGGGCTCAGCGTGAGGGTGCGGTTTTTAATTATGACGCAGTAA
8,2,,417538657,,11541976,,,,,,11541976,,,GCF_000027085.1-ROD_RS15515,iOhqN4rKLvYuLZHGijbY1Q,RbfoDISxJ6Ud5KIaQy6U3Q,WP_012907261,WP_012907261.1,ROD_RS15515,ROD_31471,complement(3312482..3313261),-,3312482,3313261,780,,False,,tripartite tricarboxylate transporter substrate binding protein,1.0,11.0,{},complement(3312482..3313261),{'inference': 'COORDINATES: similar to AA sequence:RefSeq:WP_005122967.1'},RbfoDISxJ6Ud5KIaQy6U3Q,iOhqN4rKLvYuLZHGijbY1Q,AAGGTTAATGTTTTAACAATCGCGCAACCGATCCGCGTGACCTATATGCCCGGCGGCGTCGGCGCGGTCGCCTATAACGCCATCGTCGCCCAGCGTCCGGCGGAACCGGGTACGGTGGTCGCTTTCTCCGGCGGCTCGCTGCTGAATCTGTCGCAGGGCAAATTTGGTCGCTACAACGTCAATGACGTGCGCTGGCTGGCGACGGTCGGCACCGACTACGGAATGATCGCCGTGCGCGCCGACTCGCCGTGGAAGTCGCTGAAAGATCTGCTCACCGCGATGGAAAAAGATCCCAACAGCGTGGTGATCGGCGCAGGCGCGTCGATCGGCAGCCAGGACTGGATGAAAGCGGCGCTGCTGGCAGAGAAAGCCCGTGTCGACCCGCATAAGATGCGCTATGTCGCCTTTGAGGGCGGCGGCGAACCGGTTACCGCGCTGATGGGCAACCATGTGCAGGTGGTCTCCGGCGATCTCAGCGAAATGGTGCCGTACCTGAGCGGCGACAAAATCCGCGTCCTTGCCGTGTTTTCTGAAAACCGCCTGCCGGGACAGTTAGCCAACGTGCCGACCGCCAAAGAGCAGGGCTATGACCTGGTCTGGCCGATCATCCGCGGCTTCTACGTTGGCCCGAAAGTCAGCGATGCCGAGTATCAGTGGTGGGTGCAGGCGTTCGAAAAGCTCCAGCAGACCGCAGAATTTAAAAAGCAGCGCGATCTGCGCGGCCTGTTTGAATTCAATATGACCGGCCAGGCACTTGATGAATATGTCAAAAAGCAGGTCGCCGGTTATCGGGATCAGGCGAAAGCCTTTGGCCTGGCTAAGTAA
9,0,{},417539083,417539083.0,11541976,1.0,"['tcp', 'rr']","{'RR': 1, 'Trans_reg_C': 1}",[],['Trans_reg_C'],11541976,417539083.0,"{'name': 'ANONYMOUS', 'version': 'NC_013716.1', 'definition': 'Citrobacter rodentium ICC168, complete genome.'}",GCF_000027085.1-ROD_RS17575,ty711l307rhGfAITXQnq3A,OpKcNN-AdJK6IqkDMZIyVg,WP_012907610,WP_012907610.1,ROD_RS17575,ROD_35671,3758228..3758887,+,3758228,3758887,660,,False,,two-component system response regulator QseB,1.0,11.0,{},3758228..3758887,{'inference': 'COORDINATES: similar to AA sequence:RefSeq:NP_457570.1'},OpKcNN-AdJK6IqkDMZIyVg,ty711l307rhGfAITXQnq3A,ATGCGAATTTTACTGATTGAAGATGATGCGTTGATTGGCGATGGCATTAAAACAGGTCTGAGTAAAATGGGCTTTTGCGTCGACTGGTTCACCGACGGTCGTCAGGGGAAGGAAGCGCTGCATAGCGCGCCGTATGACGCGGTGATCCTCGACCTGTCGCTGCCGGGAATGGACGGGCGCGACATTCTGCGCGACTGGCGCGAACAGGGTAAACGTGAGCCGGTATTGATACTGACCGCGCGCGATGCGCTGGCGCAGCGGGTCGAAGGCTTGCGCCTCGGCGCGGACGATTATCTCTGTAAGCCCTTCGCGCTTATTGAGGTTGCCGCCAGGCTGGAGGCGTTAATGCGCCGCGCCAGCGGCCAGGCCAGCAGCGAACTATGCCACGGACAGGTAACGCTCAATCCCGGTAACCGGGTCGCCGCGCTGAACGGCAGCGCCTTAGCGCTTAAGCCAAAAGAGTTCGCGCTACTTGAACTGTTAATGCGTAATAAAGGGCGAGTGCTGCCGCGTAAACTTATTGAAGAAAAGCTCTATAACTGGGACGAAGAGGTGACCAGCAACGCCGTTGAGGTTCACGTCCACCATCTGCGCCGTAAGCTGGGCAGCGATTTTATTCGTACCGTTCACGGCATCGGCTATACCCTTAGCGAGGCATAA
9,1,{},417539084,417539084.0,11541976,1.0,"['tcp', 'hk']","{'HK_CA': 1, '2CSK_N': 1}",['2CSK_N'],[],11541976,417539084.0,"{'name': 'ANONYMOUS', 'version': 'NC_013716.1', 'definition': 'Citrobacter rodentium ICC168, complete genome.'}",GCF_000027085.1-ROD_RS17580,ma-XIaGJ4AHf-mfoGKtdVA,3YpsoT6LuKEg5ozXRJobxw,WP_024132939,WP_024132939.1,ROD_RS17580,ROD_35681,3758884..3760236,+,3758884,3760236,1353,,False,,two-component system sensor histidine kinase QseC,1.0,11.0,{},3758884..3760236,{'inference': 'COORDINATES: similar to AA sequence:RefSeq:NP_457571.1'},3YpsoT6LuKEg5ozXRJobxw,ma-XIaGJ4AHf-mfoGKtdVA,ATAAAAGTGACTCAGCGTCTTAGCCTGCGCGTCAGGCTTACCCTCATCTTTCTGATTCTGGCGGCCATTACATGGGTGGCCTCAAGCTTTGTCGCCTGGAAGCAAACCACCGACAACGTGGACGAACTGTTTGACACCCAGCTGATGCTGTTCGCCAAACGGCTGGTGACGCTGGATCTGGATGAACTGAAGGCCCCTGAGCGAATGGCCCGCACGCCGAAAAAGTTTAAGCACGGCCATATTGACGATGACGTGCTGGTTTTTGCCATCTACACCCTCGACGGCAAGATGGTGCTGCACGACGGCGATAACGGGCAATATATTCCCTACAACTATCGCCGGGAGGGATTTGACGATGGTCAACTGGACGACGACGACGATCCGTGGCGCTTTGTCTGGCTGACTTCTGCGGACGGCAAGTATCGCATTGTGGTCGGCCAGGAGTGGGAATATCGTGAAGATATGGCGCTGGCGATCGTTATCGCCCAGCTGGTACCGTCGCTTATCGCGCTGCCGCTGATGCTGCTGTTATTGATTATACTGCTGCACCGAGAACTTAAGCCGCTGAAGAAAATGGCTGGCGCATTGCGTTTACGCGACCCGGAATCCAGCGAACCGCTCAGCGCGCAGGGGGTGCCGAGCGAGGTGCGCCCGCTGATCGACTCCCTTAACCAGCTCTTTGCCCGCACGCATAAAATGATGATGCGCGAACGGCGCTTCACCTCTGACGCGGCCCATGAGCTGCGTAGCCCGCTGGCGGCCCTCAAGGTGCAGGCCGACGTGGCACAGCTATCTGACGACGATCCGCAGGCGCGCGCGAAGGCGCTGGCGCAGCTGCATACCGGGATCGATCGCGCCACCCGTCTGGTCGATCAGCTGCTAACCCTTTCCCGTCTCGACTCGCTGGATAATCTGCAGGATGTGACGACGGTCGCCCTGGACGAGCTGCTGCAATCGGCGGTGATGGATATATACCATGCCGCACAGCAGACGGATATTGACGTGCGGCTGCACATTAACGCCCGCGACGTGAAGCGCACGGGCCAGCCGCTTCTGCTCAGCCTGCTGGCGCGCAATCTGCTGGATAACGCCATTCGCTACAGCCCGCGCGGCAGTATTGTCTGCGTCACCCTGAATGCTGACCACTTTACGGTCAGAGATAACGGCCCCGGCGTGACGCCGGAAGCGCTGGACCGCATCGGCGAACGTTTTTACCGCCCGCCCGGTCAACATGTTACCGGCAGCGGTCTGGGATTATCGATTGTGCGCCGTATTGCCGCGCTGCACGGCATGACGCTGTCGTTTGGCAATCTGCCGGAGGGAGGATTTGAAGCCACGGTGAGATGGAAATAG
9,2,,417539082,,11541976,,,,,,11541976,,,GCF_000027085.1-ROD_RS17570,2JEn7U_gw5viPbfjYNkppw,8XU5C746IIGi3jjY3matCg,WP_024132938,WP_024132938.1,ROD_RS17570,ROD_35661,complement(3757684..3758076),-,3757684,3758076,393,,False,,TIGR00156 family protein,1.0,11.0,{},complement(3757684..3758076),{'inference': 'COORDINATES: similar to AA sequence:RefSeq:WP_005123105.1'},8XU5C746IIGi3jjY3matCg,2JEn7U_gw5viPbfjYNkppw,ATGAAAAAATCAGCTGCAATTTTTGCCGTTCTGGTACTCAGTACTGCACCGGCTATCGCGGTCCAGCAGGGCGGTTTTTCCGGCCCGACCGCCACACAAACCCAGGGCGGCGGCTTCGTCGGACCTAACGGGAGCAGCGCGACGGTAGAAAGCGCAAAATCGCTGCGCGATGACACCTGGGTAACGCTGCGCGGCAATATCGTCGAGCGTATTTCCGATGACCTCTATTTGTTCAAAGATGGTACGGGCTCTATTAATGTCGATATTGATCATAAGCGCTGGTACGGCCTGACGGTCACGCCGCAGGATACCGTCGAAATTCAGGGCGAAGTGGATAAAGACTGGAATTCCGTTGAAATCGACGTGAAGCAAATCAGGAAAGTCAGTAAATAA
10,0,{},417539271,417539271.0,11541976,1.0,"['tcp', 'rr']","{'RR': 1, 'HTH_8': 1, 'Sigma54_activat': 1}",[],['HTH_8'],11541976,417539271.0,"{'name': 'ANONYMOUS', 'version': 'NC_013716.1', 'definition': 'Citrobacter rodentium ICC168, complete genome.'}",GCF_000027085.1-ROD_RS18480,GwhaajND7Mk2d20I_ye6_Q,z2q5KJQP1ZDg6mpH6s1XKw,WP_012907741,WP_012907741.1,ROD_RS18480,ROD_37481,complement(3939054..3940379),-,3939054,3940379,1326,,False,,two-component system response regulator ZraR,1.0,11.0,{},complement(3939054..3940379),{'inference': 'COORDINATES: similar to AA sequence:RefSeq:WP_000148499.1'},z2q5KJQP1ZDg6mpH6s1XKw,GwhaajND7Mk2d20I_ye6_Q,GTGACGGGCGAAAAGATCGACATTCTGGTGGTGGATGACGACGTCAGCCACTGCACGATTTTACAGGCGCTGCTTCGCGGCTGGGGCTACAACGTGGCGCTGGCCTACAGCGGACGTGAAGCGCTGGAAAAGGCAAGCGGCCATGTTTTCGATCTGGTGCTGTGCGATGTGCGGATGGCGGAAATGGACGGCATCGAGACGCTCAGAGAGATTAAAGCGCTGAATCCGGCGATCCCGGTGCTGATCATGACGGCATTTTCCAGCGTCGAAACGGCGGTAGAAGCGTTAAAAACCGGCGCGCTGGATTATCTGATTAAACCGCTGGATTTTGACCGCTTACAGGAGACGCTGGAGAAATCTCTTGCCCACGCCCAGGAGGTTGCCGGGGAACTGCCGTCGGTTTCCGCCAGCCAGTCTGGCATGGTGGGGAAAAGCCCGGCGATGCAGCAGTTACTGAGCGAAATCGCGATGGTCGCCCCTTCCGACGCCACGGTGCTGATTCACGGCGACTCCGGCACCGGCAAGGAGCTGGTGGCGCGCGCGCTCCATGCCAGCAGCGCGCGCAGCGACAAACCGCTGGTAACGCTGAACTGCGCGGCGCTCAACGAATCGCTGCTGGAATCTGAACTGTTCGGTCATGAAAAGGGGGCCTTTACTGGCGCCGATAAGCGTCGGGAGGGACGTTTTGTCGAAGCCGACGGCGGCACGCTGTTTCTGGATGAAATTGGCGATATCTCGCCGCTCATGCAGGTCCGCCTGCTGCGGGCGATTCAGGAGCGAGAGGTGCAAAGGGTGGGCAGCAATCAGACCCTTTCGGTGGATGTACGTCTGATCGCCGCCACCCATCGGGATCTGGCGCAGGAGGCGAGCGCCGGGCGTTTTCGTCAGGATCTCTACTACCGGCTGAACGTGGTGACGATTGAAACGCCGTCGCTGCGCCAGCGTCGGGAAGATATTCCCCTGCTGGCTGAGCATTTCCTCCAGCGGTTCGCCGCGCGCAACCGGAAAGCGGTGAAAGGCTTTACGCCGCAGGCGATGGATCTACTGATTCATTACGCCTGGCCGGGCAACATCCGCGAGCTGGAAAATGCCATCGAGCGGGCGGTGGTCCTGCTGACCGGAGAGTACATTTCGGAGCGTGAACTGCCGCTGGCGATTGCGAACCAGGCGATGCCGCTTATGCCGGCGCAGGCGATTCAACCGCTGGTGGAAGTCGAAAAAGAGGTCATTCTGGCGGCGCTGGAAAAAACGGGCGGCAATAAAACGGAAGCCGCCCGTCAGTTAGGGATTACGCGCAAAACGCTGCTGGCGAAGCTTTCGCGTTAG
10,1,{},417539272,417539272.0,11541976,1.0,"['tcp', 'hk']",{'HK_CA': 1},[],[],11541976,417539272.0,"{'name': 'ANONYMOUS', 'version': 'NC_013716.1', 'definition': 'Citrobacter rodentium ICC168, complete genome.'}",GCF_000027085.1-ROD_RS18485,-FOU4AYtQ9b0vWcnV1RP5A,dc5BWf3SonziVMfDEeAvOw,WP_012907742,WP_012907742.1,ROD_RS18485,ROD_37491,complement(3940376..3941779),-,3940376,3941779,1404,,False,,two-component system sensor histidine kinase ZraS,1.0,11.0,{},complement(3940376..3941779),"{'EC_number': '2.7.13.3', 'inference': 'COORDINATES: similar to AA sequence:RefSeq:WP_012907742.1'}",dc5BWf3SonziVMfDEeAvOw,-FOU4AYtQ9b0vWcnV1RP5A,ATGCGACACCATAAGGATACCGTTGCGAAATGGCTCAGTGGCATCTTGCCTGCCGCCATGCTGATGCTGGTCGGGCTGTTTGCTGTGGTGGTGATCCGCGATTATGGCCGGGAAAGCGATGCCGCGCGCCAGACCCTGGTGGAAAAGGGCGACGTGCTGATACGCGCGCTGGAATCCGGCTCGCGCGTCGGGATGGGAATGCGCATGCATCATCGCCAACAGCAAACGCTGCTGGAAGAGATGGCGGGACAGCCTGGCGTGCTATGGTTTGCGGTGACGGATGTGCAGGGGACTATCCTGATGCACAGCGATCCTGCGCAGGCGGGACGGAAACTCTATGCGGCAGATGAGATGCAACGACTGCGTCCCGGCGAGGAAATGCGCTGGCGTCCTGCGGAAGCGATGGATGAGCGCGGGCAGGATGTTCCGGCGCTGGAAATTTACCGCCAGTTCCAGCCGCTGCATGCGTCAGGCAGGCACGGTATGGGAGTGATGCCGCGTTGTGAGAGTGACGATGCAAACACGCCTTCCACGCAGCGAATCATTTTTATCGCCTTTGATGCCAGCGAGTTAGCCACTACCCAGGCGCGTGAATGGCGCAATATGCTGATTATGCTGTTCGCCTTAACCGCGGTCCTGCTGGCGACGCTGATGACCTTTTTCTGGTACCGGCGGTATCTGCGTTCGCGTCAATTACTGCAGGACGAAATGAATCGTAAAGAGAAGCTGGTGGCGCTGGGTCATCTGGCGGCGGGCGTGGCGCATGAGATCCGCAACCCGCTTTCATCGATTAAAGGGCTGGCGCGCTATTTCGCCGAGCGCGCCCCGGCGGAGGGGGAAGCGCACCAGCTGGCGCAGGTGATGGCGAAAGAGGCCGATCGACTCAACCGGGTGGTCAGCGAACTGCTTGAGCTGGTAAAACCGGCGCGCTTATCGCTCCAGCCGGTAGATCTCAACGCGCTGATCGCCCACTCTTTACAGCTGGTGAGCCAGGACGCCCGTCAGCGAGAAATTGAGCTGAAGTTTACCCCCAGCGCGGGTTTGCCGCTGATCCAGGCCGATCCGGACCGGCTGACGCAGGTATTGCTGAATCTCTATCTGAATGCGATTCATGCTATCGACAGCCAGGGGACGATTAGCGTTACGGCAAGCGCCAGCGGCGATAATCGCGTTAAGATCGTCGTTGCAGACAGCGGGAAGGGGATAGCGGCGGAACAGCTGGAGGCGATTTTTACCCCCTATTTTACCACCAAAGCCGAGGGAACCGGACTGGGACTGGCGGTGGTGCACAATATTGTTGAACAGCATGGCGGGACGATTCAGGCGGACAGTCCGGCAGGCCGGGGCGCGGTTTTCACCCTCTGGCTGCCGGTGAACGCAAAACAGAAGGATTCACAAGGGTGA
10,2,,417539273,,11541976,,,,,,11541976,,,GCF_000027085.1-ROD_RS18490,8mGogyvnKXAk4PdRgZL41Q,xhQfg3sPn3elll1ckSkZ9g,WP_024132963,WP_024132963.1,ROD_RS18490,ROD_37501,3942038..3942472,+,3942038,3942472,435,['zraP'],False,,zinc resistance-associated protein ZraP,1.0,11.0,{},3942038..3942472,{'inference': 'COORDINATES: similar to AA sequence:RefSeq:WP_003033063.1'},xhQfg3sPn3elll1ckSkZ9g,8mGogyvnKXAk4PdRgZL41Q,ATGAAACGGAACAATAAAGCTGGCCTGACGCTGATAGCGTTCTCTCTGATGGCATTCGCCGCCAGCCCGGCGCTGGCGCGTCATCACTGGGGCAATGGCGACGGTATGGGGCCGCACTACGCCAGCCCGCTTACCGCCGAACAGCAGACGGCGATGCAGAAAATCCATGATGATTACTACAACCAGACCAGCGCCCTGCGCCAGCAGCTGATGTCCAAACGCTACGAGTATAACGCCCTGCTCTCAACCAACGCCCCGGACAGCGCGAAAATCAACGCGGTAGCGAAAGAGATGGCGTCGTTAAACCAGTCGCTGGATGAGCTACGGGTAAAACGTGATGTGGCGATGGCGCAGGCGGGCATAACGCGCGGCACAGACATGGGTTACGGCGGCTGCGGCGGGCGTGGCGGTCATCGGGGAATGGGACACTGGTAG
11,0,{},417539373,417539373.0,11541976,1.0,"['tcp', 'rr']","{'RR': 1, 'Trans_reg_C': 1}",[],['Trans_reg_C'],11541976,417539373.0,"{'name': 'ANONYMOUS', 'version': 'NC_013716.1', 'definition': 'Citrobacter rodentium ICC168, complete genome.'}",GCF_000027085.1-ROD_RS18965,C8ADwpYaOCLBKMJnK-Phjw,H0vms8GFmXOmgxELUyqp8g,WP_012907822,WP_012907822.1,ROD_RS18965,ROD_38381,4044541..4045239,+,4044541,4045239,699,,False,,DNA-binding response regulator,1.0,11.0,{},4044541..4045239,{'inference': 'COORDINATES: similar to AA sequence:RefSeq:WP_001033718.1'},H0vms8GFmXOmgxELUyqp8g,C8ADwpYaOCLBKMJnK-Phjw,ATGAATAAAATCCTGTTAGTTGATGATGACCGAGAGTTGACATCCCTTTTAAAGGAACTGCTGGAAATGGAAGGCTTCAACGTGCTGGTTGCCCATGACGGGGAACAGGCGCTGGAGCTTCTGGACGACAGCATCGATTTACTTTTGCTTGATGTCATGATGCCGAAGAAAAACGGCATTGATACCCTGAAAGCGCTTCGCCAGACACACCAGACCCCCGTTATTATGCTGACCGCCCGCGGCAGCGAACTGGATCGCGTGCTTGGGCTTGAACTGGGCGCAGATGACTATTTACCGAAGCCGTTTAACGATCGCGAACTGGTGGCGCGTATCCGCGCGATCCTCCGCCGCTCGCACTGGAGCGAACAGCAGCAGAGCAGCGATAACAGCTCGCCGACGCTGGAAGTGGACGCGCTCAGCCTCAATCCGGGGCGTCAGGAAGCCAGCTTTGACGGGCAGACGCTGGAGCTCACCGGCACCGAGTTCACGCTGCTTTATTTGCTGGCGCAGCATCTCGGTCAGGTGGTATCGCGTGAACATCTCAGCCAGGAAGTGCTGGGCAAACGTCTGACGCCTTTTGACCGCGCCATCGATATGCATATCTCGAACCTGCGTCGCAAACTGCCGGAGCGCAAAGATGGCCACCCGTGGTTTAAAACTCTGCGTGGTCGCGGCTATCTGATGGTTTCCGCTTCATGA
11,1,{},417539374,417539374.0,11541976,1.0,"['tcp', 'hk']","{'HAMP': 1, 'HK_CA': 1, 'CpxA_peri': 1}",['CpxA_peri'],[],11541976,417539374.0,"{'name': 'ANONYMOUS', 'version': 'NC_013716.1', 'definition': 'Citrobacter rodentium ICC168, complete genome.'}",GCF_000027085.1-ROD_RS18970,cashHjfP3OpcTT2HhhKfzA,X1RwmPRDhwdNRabinohhtw,WP_012907823,WP_012907823.1,ROD_RS18970,ROD_38391,4045236..4046609,+,4045236,4046609,1374,,False,,two-component system sensor histidine kinase CpxA,1.0,11.0,{},4045236..4046609,"{'EC_number': '2.7.13.3', 'inference': 'COORDINATES: similar to AA sequence:RefSeq:NP_457993.1'}",X1RwmPRDhwdNRabinohhtw,cashHjfP3OpcTT2HhhKfzA,ATGATAGGTAGCTTAACCGCGCGCATCTTCGCCATCTTCTGGTTAACGCTGGCGCTGGTGCTGATGCTGGTGTTGATGTTGCCCAAGCTCGACTCGCGTCAAATGACCGAGCTGCTGGACAGCGAACAGCGCCAGGGGTTGATGATAGAGCAACACGTCGAGGCTGAACTCGCGAACGATCCGCCAAACGATTTAATGTGGTGGCGTCGCCTGTTCCGCGCGATTGACAAGTGGGCGCCGCCTGGACAGCGGCTATTGCTTGTGACCACTGAAGGACGCGTGATCGGCGCTGAACGCAGCGAAATGCAGATCATCCGTAACTTCATTGGTCAGGCGGATAACGCCGATCATCCGCAGAAGAAAAAGTACGGTCGCGTAGAAATGGTTGGCCCGTTCTCCGTCAGGGACGGAGAAGATAATTACCAGCTTTACCTGATTCGACCGGCCAGCAGTTCCCAATCCGATTTTATTAACCTGCTGTTTGACCGCCCGCTATTGTTGTTAATCGTCACGATGCTGGTCAGCTCCCCGCTGCTGTTGTGGCTGGCCTGGAGCCTGGCGAAACCGGCGCGTAAGCTGAAAAACGCCGCCGACGAGGTGGCCCAGGGCAACCTGCGTCAGCATCCGGAACTGGAGGCTGGCCCGCAGGAATTTCTTGCCGCAGGCGCCAGTTTTAACCAGATGGTGACCGCGCTGGAGCGCATGATGACCACCCAACAGCGTCTGCTGTCGGATATCTCGCATGAACTGAGAACGCCGTTGACCCGCTTACAGCTGGGCACCGCGCTGCTGCGCCGCCGCAGCGGCGAGAGCAAAGAGCTTGAGCGTATCGAAACCGAAGCGCAGCGTCTGGACAGCATGATCAACGACCTGTTGGTGATGTCGCGCAATCAGCAGAAAAACGCGCTGGTCAGCGAAACGATGAAAGCCAACCAGCTGTGGGGCGAAGTACTGGACAACGCCGCCTTTGAAGCCGAACAGATGGGCAAATCGCTGACGGTGAACTTCCCGCCGGGGCCGTGGCCGCTGTACGGCAACCCGAACGCGCTGGAAAGCGCGCTGGAAAATATCGTCCGCAACGCGCTGCGCTATTCGCATACGCAGATAGAAGTTGGCTTCGCGGTGGATAAAGACGGGATTACCATCACCGTGGATGACGATGGTCCGGGCGTGAGTCCCGAGGACCGCGAGCAGATCTTCCGCCCGTTTTACCGAACGGATGAAGCGCGCGATCGCGAATCCGGCGGCACCGGGCTGGGGCTGGCGATTGTCGAAACCGCCATCCAGCAGCATCGTGGTTGGGTAAAGGCGGAAGACAGCCCGCTGGGCGGATTGCGGCTGGTGATCTGGTTACCGCTGTATAAGCGTTCGTAA
11,2,,417539372,,11541976,,,,,,11541976,,,GCF_000027085.1-ROD_RS18960,V8Ev0ZhSaPCfI7xnA0z7Sw,Snl57x-7xeZFD6lXzjQu6A,WP_012907821,WP_012907821.1,ROD_RS18960,ROD_38372,complement(4043890..4044390),-,4043890,4044390,501,['cpxP'],False,,repressor CpxP,1.0,11.0,{},complement(4043890..4044390),{'inference': 'COORDINATES: similar to AA sequence:RefSeq:NP_462941.1'},Snl57x-7xeZFD6lXzjQu6A,V8Ev0ZhSaPCfI7xnA0z7Sw,ATGCGCAAAGTTACCGCTGCCGTCATGGCCTCAACGCTGGCATTCAGTTCATTAAGCCATGCTGCTGAAGTCGATACAGGCGATAACTGGCACCCGAGTGAACCTTCGGCGCCGCGCACTGTACAAAGCCATATGTTTGACGGCATAAGTTTAACCGAACATCAACGTCAACAGATGCGAGATCTGATGCAACAGGCCCGGCACGAACAGCCTCCTGTTAATGTTAGCGAAATGGAGACGATGCATCGTCTTGTCACTGCAGAAAAATTTGATGAAAACGCTGTACGCGCTCAGGCAGAAAAGATGGCGCAGGCACAGGTTGCCAGACAGGTCGAAATGGCTAAGGTCCGCAACCAGATGTATCACCTGTTAACGCCCGAGCAGCAAGCGGTTTTAAATGAGAAGCATCAACAACGTATGGAGCAGTTGCGCGACGTGACGCAATGGCACAAAAGTTCATCGTTGAGGTTATTGAGTAGTAGCAACTCACGTTCCCAGTAA
12,0,{},417539977,417539977.0,11541976,1.0,"['tcp', 'rr']","{'RR': 1, 'Trans_reg_C': 1}",[],['Trans_reg_C'],11541976,417539977.0,"{'name': 'ANONYMOUS', 'version': 'NC_013716.1', 'definition': 'Citrobacter rodentium ICC168, complete genome.'}",GCF_000027085.1-ROD_RS21785,wXns13gZRHQXDIvY-z9b9g,2FIadtUIjqBGfA2queKEZQ,WP_001157751,WP_001157751.1,ROD_RS21785,ROD_44191,4672333..4673052,+,4672333,4673052,720,,False,,DNA-binding response regulator,1.0,11.0,{},4672333..4673052,{'inference': 'COORDINATES: similar to AA sequence:RefSeq:WP_010617403.1'},2FIadtUIjqBGfA2queKEZQ,wXns13gZRHQXDIvY-z9b9g,ATGCAAGAGAACTATAAAATTCTGGTGGTGGATGACGACATGCGTCTGCGTGCGCTGCTGGAGCGTTATCTGACCGAGCAGGGCTTCCAGGTTCGAAGCGTCGCTAACGCTGAGCAAATGGATCGTCTCCTGACCCGCGAATCTTTTCATCTTATGGTACTGGATCTGATGCTGCCGGGTGAAGATGGCCTGTCGATCTGCCGCCGTCTGCGTAGCCAGAGCAACCCGATGCCGATCATTATGGTGACGGCGAAAGGAGAAGAGGTCGATCGCATTGTCGGGCTGGAAATCGGCGCCGATGACTACATCCCGAAACCGTTTAACCCGCGTGAACTGCTGGCGCGTATTCGCGCGGTGCTGCGTCGTCAGGCTAACGAACTGCCGGGCGCGCCTTCACAGGAAGAGGCGGTGATTGCCTTTGGTAAGTTCAAACTGAACCTCGGCACCCGCGAAATGTTCCGTGAAGACGAGCCGATGCCGCTGACCAGCGGTGAGTTCGCCGTGCTGAAAGCGCTGGTCAGCCATCCGCGCGAACCGCTCTCCCGCGATAAGCTGATGAACCTGGCGCGCGGCCGCGAGTATTCAGCGATGGAACGCTCCATCGACGTCCAGATCTCTCGTCTGCGTCGCATGGTGGAAGAAGATCCGGCGCATCCGCGCTACATTCAGACCGTCTGGGGTCTGGGCTACGTCTTCGTGCCGGACGGTTCTAAAGCATGA
12,1,{},417539978,417539978.0,11541976,1.0,"['tcp', 'hk']","{'HAMP': 1, 'HK_CA': 1}",[],[],11541976,417539978.0,"{'name': 'ANONYMOUS', 'version': 'NC_013716.1', 'definition': 'Citrobacter rodentium ICC168, complete genome.'}",GCF_000027085.1-ROD_RS21790,2cxM4fS50cUwYXKJoASPwg,7LJTH2WyyBLvpz9NlZclzQ,WP_012908350,WP_012908350.1,ROD_RS21790,ROD_44201,4673049..4674401,+,4673049,4674401,1353,,False,,two-component system sensor histidine kinase EnvZ,1.0,11.0,{},4673049..4674401,{'inference': 'COORDINATES: similar to AA sequence:RefSeq:NP_462404.1'},7LJTH2WyyBLvpz9NlZclzQ,2cxM4fS50cUwYXKJoASPwg,ATGAGGCGAATGCGCTTCTCGCCACGAAGTTCTTTTGCCCGCACGCTGCTGCTCATCGTCACCCTGCTGTTCGTCAGCCTGGTGACGACCTATCTGGTGGTGCTGAACTTTGCGATCCTGCCGAGTCTCCAGCAGTTTAATAAGGTCCTCGCCTACGAAGTGCGTATGCTGATGACCGATAAGCTGCAGCTGGAGGACGGCACGCAGCTGGTGGTGCCTCCCGCCTTTCGTCGGGAAATTTACCGTGAACTGGGGATTTCCCTCTACTCCAACGAAGCTGCCGAAGAGGCGGGACTGCGTTGGGCGCAACATTATGAATTTCTAAGCCATCAGATGGCGCAGCAGCTGGGCGGCCCGACGGAAGTGCGCGTTGAGGTCAATAAAAGCTCGCCCGTCGTGTGGCTGAAAACCTGGCTGTCGCCAAATATCTGGGTACGCGTGCCGTTAACGGAAATTCATCAGGGCGATTTTTCGCCGCTGTTCCGCTATACGCTGGCGATTATGCTGCTGGCGATCGGCGGGGCGTGGCTGTTTATCCGTATTCAGAACCGACCGCTGGTGGACCTTGAACATGCCGCGTTACAGGTCGGGAAGGGGATCATTCCGCCGCCGCTGCGTGAATATGGCGCCTCTGAAGTGCGCTCGGTGACCCGCGCCTTCAACCATATGGCGGCCGGGGTGAAACAGCTTGCCGATGACCGTACGCTGCTGATGGCGGGCGTCAGCCACGATCTGCGCACGCCGCTGACGCGAATCCGCCTGGCGACGGAGATGATGGGCGAGCAGGATGGTTATCTGGCTGAATCCATCAATAAAGATATTGAAGAGTGCAACGCGATCATAGAGCAGTTCATCGACTACCTGCGCACCGGTCAGGAGATGCCGATGGAGCTGGCGGATCTCAACGCGGTGCTGGGTGAAGTGGTCGCCGCGGAAAGCGGTTATGAACGTGAAATCGAGACGGCGTTGCAGCCGGGCAGTATTCAGCTGAGAATGCACCCGCTGTCCATCAAGCGCGCGGTGGCTAATATGGTGGTTAACGCCGCCCGCTACGGTAACGGCTGGATTAAAGTCAGCAGCGGCACGGAGCCGCATCGCGCCTGGTTCCAGGTGGAAGACGACGGGCCTGGTATCAAACCTGAACAGCGCAAGCACCTGTTCCAGCCGTTTGTGCGCGGCGACAGCGCGCGCAGCACCAGCGGCACCGGGCTGGGGCTGGCGATCGTACAGCGTATCGTCGATAACCATAACGGTATGCTGGAAATCGGCACCAGCGAGCGCGGCGGACTTTCTATCCGCGCCTGGCTGCCGGTTCCCGTGGCGCGCATCCAGGGGACGACAAAAGAAGCGTAA
12,2,,417539976,,11541976,,,,,,11541976,,,GCF_000027085.1-ROD_RS21780,Bdp6FYWNCog3d8QVFN-X8Q,VLvbSm2jQJNeab_KYyBklQ,WP_012908349,WP_012908349.1,ROD_RS21780,ROD_44181,complement(4671633..4672106),-,4671633,4672106,474,,False,,transcription elongation factor GreB,1.0,11.0,{},complement(4671633..4672106),{'inference': 'COORDINATES: similar to AA sequence:RefSeq:WP_015703675.1'},VLvbSm2jQJNeab_KYyBklQ,Bdp6FYWNCog3d8QVFN-X8Q,ATGAAAACGCCCCTGATCACCCGGGAAGGGTACGAGAAGCTGAAACAAGAACTGAATTATCTCTGGCGCGAAGAGCGCCCGGAGGTCACAAAAAAGGTAACCTGGGCCGCAAGCCTCGGCGACCGCAGCGAGAACGCCGACTATCAGTATAATAAAAAGCGCCTGCGTGAGATCGACAGGCGGGTTCGCTACCTGACCAAATGCATGGAACATTTAAAAATTGTCGACTATTCCCCGCAGCAGGAAGGCAAAGTGTTTTTCGGCGCGTGGGTGGAAATTGAAAATGACGATGGCGACACCCGCCGCTTCCGCATTGTCGGCTACGATGAAATTTTCGGTCGTAAGGATTACATTTCCATTGATTCGCCGATGGCGCGCGCCCTGCTGAAAAAAGAGGTTGGCGATCTCGCCGTGGTCAATACCCCCGCCGGAGAAGCAAGCTGGTACGTAAACGCGATCGAGTACGTAAAATAG
13,0,{},417540606,417540606.0,11541976,1.0,"['tcp', 'hk']",{'HK_CA': 1},[],[],11541976,417540606.0,"{'name': 'ANONYMOUS', 'version': 'NC_013716.1', 'definition': 'Citrobacter rodentium ICC168, complete genome.'}",GCF_000027085.1-ROD_RS24785,yOo4ZIRPrEgISNIQropJ1w,QB9tga_onKG-YtZsOOl6OQ,WP_012908858,WP_012908858.1,ROD_RS24785,ROD_50431,complement(5291272..5292624),-,5291272,5292624,1353,,False,,two-component sensor histidine kinase,1.0,11.0,{},complement(5291272..5292624),{'inference': 'COORDINATES: similar to AA sequence:RefSeq:WP_012908858.1'},QB9tga_onKG-YtZsOOl6OQ,yOo4ZIRPrEgISNIQropJ1w,ATGAAGCCTGATTCCATGACGTTACGTCTGACCCTGCTGTTCGTTCTGGTGCTGACGCTCGCCTGCTCCGGCGTGAGCTGGACCTTATATCGCGCGCTGAGCCAGGAGCTAACCTGGCGGGATGACATCATGCTGATTAACCGGGCGGAACAAATTCGCCAGCTGTTACGCGACGGCGCGAAAGCGGAAAATCTTCCCCTCTACTTTAACCGGATGATGGATACCCGCCAGGATATTCTGCTTATCCACTCCCCCGCCGCCAGCCATATTGTGGTCAACCATACGGGCGTACAGTCCGCTCTTCTCGATGCCCTTCCCGCACAGACGACGCCCACTCTGCAAAGCATCGCCAAACGCGACGTTGCGGGAACGCCGCTCGCCGCGGTACGCATTACGGCCAACAGCGACGCTCAGCCGGTCACTATTACCGTCGCCAGGCTGGCCACGGAACGCAGGCTGATGCTTGAGCAGTACCGCAATAACAGCATCCTGATCAGCGCCATCGCGATCCTGCTCTGTTCGGCGCTGAGCCCTTTTTTAATCAGAAAGGGGCTGAAGGCGATAAAAACCCTCAGCCGCGTTACGGCCAGCATCGACAGCCGCGGTCTTAGCCAGCCGCTGGATGAAAATGCGCTTCCCGTGGAGCTAAAGCCGCTGGGCAGCGCATTAAACGTGATGCGCCAGAAACTGGCCGATGATTTTACCCGCCTGAACCAGTTTGCTGACGATCTGGCCCACGAGCTACGCACGCCGGTCAATATCCTGCTGGGCCATAACCAGGTGGCGTTAAGCAAAGCGCGCACGACGGAAGAGTATCAACAGACGCTGGCAAACAATATTGAAGAACTTGAGGGGCTGTCGCGCTTAACGGAAAACATCCTGTTTCTCGCCCGCGCCGAACACCACAACATTCTGCTCAAAAAAGAGGCTATCCCCTTTGCCGAACCGATAGCTGACCTGACCGATTTTCTGGAATATGCCGCGGAGGAAAAAGATATCGCCTTTCGCGTCGCGGGTGAGGCCGTCATTCAGGCCGACCGGGTTTTGCTGCAACGGGTGTTGTTAAATCTGCTCACGAATGCGATCCGCTATTCACCGGAGCAGGCGGTTATTACCATCAACGCCGCCCGCAGCGGCAACGAGACGATAGTTGAAATCGCTAACCCCGGTACGGAAGCGGAGAACGCCGATAAGCTGTTCAACCGCTTCTGGCGAGGCGATAACGCCCGGCATTCATCGGGTTATGGGCTGGGATTATCAATGGTGAAAGCCATTATGACGTTACACTCAGGCGCGGTGAGCTATCGCTTCGCTGATGGCCAACACATTTTCACCCTTCGCTTTCCGGCCTGA
13,1,{},417540607,417540607.0,11541976,1.0,"['tcp', 'rr']","{'RR': 1, 'Trans_reg_C': 1}",[],['Trans_reg_C'],11541976,417540607.0,"{'name': 'ANONYMOUS', 'version': 'NC_013716.1', 'definition': 'Citrobacter rodentium ICC168, complete genome.'}",GCF_000027085.1-ROD_RS24790,lz49SHGTuJosYmoQJTO0uA,WiHfyqbfA1RWnTnbQweGLw,WP_081442353,WP_081442353.1,ROD_RS24790,ROD_50441,complement(5292614..5293366),-,5292614,5293366,753,,False,,DNA-binding response regulator,1.0,11.0,{},complement(5292614..5293366),{'inference': 'COORDINATES: similar to AA sequence:RefSeq:NP_460069.3'},WiHfyqbfA1RWnTnbQweGLw,lz49SHGTuJosYmoQJTO0uA,ATGAAGATTTTACTGATTGAAGACAACCAAAAAACCCGCGACTGGGTAAGTCAGGGGCTGAGCGAAGCTGGCTACGTCGTGGACCAGGCGAGCGACGGCAAAGAGGGATTGCGCTTCGCGTTACAGGAATCTTACGCGTTAATCATCCTGGATATTATGCTGCCGGGGCTCGACGGCTGGCAGGTGCTTAAGGCGCTCAGAACGGCAAACCAGACGCCGGTGATTTGCCTTACTGCCCGCGACGCGGTCGAAGACCGGGTAAAAGGGCTGGAGTCCAGCGCCAATGATTATCTGGTTAAACCCTTCTCTTTCGCCGAGCTGCTGGCGCGGGTACGCGCGCAGTTGAGAAATCATTCGCCTCATCATACCTATCTGAAAATCAGCGGACTGGAGATGGATTCCGTCAGGCAAAGCGTCAGCAGAGACGGAAAAGCCATTGTATTAACCCGCAAAGAGTTTCTTCTGCTGTGGCTGCTGGCGTCCAGAGCCGGAGAAATTATCCCGAGGACCGTAATCGCCAGCGAAGTGTGGGGCATTAATTTTGACAGCGAGACCAATACGGTTGATGTCGCCATACGTCGGCTACGGTCGAAAGTGGACGATCCCTTCGACGTTAAGCTCATCGGCACCGTCAGGGGAATGGGCTACCGGTTCCGGGCGGATGAACATCATGAAGCCTGA
13,2,,417540608,,11541976,,,,,,11541976,,,GCF_000027085.1-ROD_RS24795,00O_tFrkWdlDa5N8YHJadA,04QuTWusTnbK6QUq8uSJ1A,WP_024133120,WP_024133120.1,ROD_RS24795,ROD_50451,5293429..5293839,+,5293429,5293839,411,,False,,hydroxyisourate hydrolase,1.0,11.0,{},5293429..5293839,{'inference': 'COORDINATES: similar to AA sequence:RefSeq:NP_455594.1'},04QuTWusTnbK6QUq8uSJ1A,00O_tFrkWdlDa5N8YHJadA,ATGAAAAAGATGATTCTCACCGCCGCGCTGGTAAGCGCGCTTGCGGCGCCGACAATGGTTATGGCGGCGGCCGGCAATATCCTCAGCGTGCATATTCTCGATCAACAAACCGGGAAACCGGCCGCTAACGTCGGGGTCGTGCTTGAGCAAAAGAGCGACAGCGGATGGCAGCAGCTAAACAGCGGTCGTACCGATAACGATGGCAGAATTAAAGCGCTATGGCCTGAGCAGGCGGCGAAGCCCGGCGACTACCGGGTAACGTTTAAAACCAAACCCTATTTCGATAGCAAAAAACAGGCGACCTTCTTCCCGGAAGTGCCCGTCGAATTTCATATCGGTAACACCCAGGAGCACTACCACGTTCCCTTACTGCTGAGCCAGTATGGTTATTCGACCTATCGGGGGAGCTAA
